site_id,site_number,location_description,site_type,directory,map_reference
0100,100,BURWOOD HWY NR LIVINGSTONE,INT,Melway,62G08
0101,101,WELLS/CHELSEA HEIGHTS HOTEL,INT,Melway,93F07
0102,102,MAROONDAH/NELSON/GOODALL,INT,Melway,38J03
0103,103,BURWOOD HWY NR REYNOLDS,POS,Melway,075F10
0104,104,MAROONDAH/GREEN,INT,Melway,278C01
0105,105,MAROONDAH/COCHRANE/COOK,INT,Melway,049B09
0106,106,SWANSEA/BIRMINGHAM,INT,Melway,038H11
0107,107,MAROONDAH/KALLAY/BRENTNALL,INT,Melway,050E02
0108,108,MITCHAM BTW BRUNSWICK/BARKLEY,POS,Melway,048K09
0109,109,SWANSEA/HULL,INT,Melway,038H10
0110,110,CANTERBURY NR CRESTVIEW,AMBU SIG,Melway,052A08
0111,111,MAROONDAH HWY/METROPOLITAN AVE,INT,Melway,048D09
0112,112,MAROONDAH/STATION,INT,Melway,048J09
0113,113,MAROONDAH/STATION/WILLIAMS,INT,Melway,047K09
0114,114,MAROONDAH/CHAPEL,INT,Melway,048A09
0115,115,MAROONDAH/SURREY,INT,Melway,048A09
0116,116,MAROONDAH HWY/FIRE STATION,FIRE SIG,Melway,048F09
0117,117,MAROONDAH/SPRINGVALE,INT,Melway,048F09
0118,118,HULL/MOOROOLBARK,INT,Melway,037K09
0119,119,MAROONDAH/ROOKS,INT,Melway,048H09
0120,120,MOUNTAIN HWY STH OF BARMAH,POS,Melway,63E07
0121,121,MAROONDAH/MITCHAM,INT,Melway,048K09
0122,122,MT DANDENONG / HAWTHORY,INT,Melway,051F05
0123,123,MAROONDAH NR MONOMEETH,POS,Melway,049B09
0124,124,MAROONDAH/DEEP CREEK,INT,Melway,049C09
0125,125,MAROONDAH/HEATHERDALE,INT,Melway,049D09
0126,126,MAROONDAH/MT DANDENONG,INT,Melway,049K07
0127,127,MAROONDAH/NEW,INT,Melway,049F09
0129,129,MAROONDAH/WANTIRNA/RINGWOOD,INT,Melway,049F09
0130,130,MAROONDAH HWY/MELBOURNE/RAILWAY,INT,Melway,049H08
0131,131,MAROONDAH/WARRANDYTE,INT,Melway,049H08
0133,133,MAROONDAH/OBAN,INT,Melway,050C04
0134,134,MAROONDAH/KALINDA/BEAUFORT,INT,Melway,050D03
0136,136,MAROONDAH/KENT,INT,Melway,050H01
0137,137,MAROONDAH/CROYDON/WARRIEN,INT,Melway,036K11
0138,138,MAROONDAH/DORSET/BELLARA/EXETER,INT,Melway,037C08
0139,139,CANTERBURY/BAYFIELD,INT,Melway,050K12
0140,140,MAROONDAH/BLACK SPRINGS(CHIRNSIDE SC),INT,Melway,037G05
0141,141,MAROONDAH/EDWARDS/MANCHESTER,INT,Melway,037G05
0142,142,MAROONDAH/VICTORIA,INT,Melway,038B05
0143,143,MAROONDAH NR LILYDALE STN,POS,Melway,038D04
0144,144,MAROONDAH NR CLARKE,POS,Melway,038E04
0145,145,MAROONDAH/ANDERSON,INT,Melway,038F04
0146,146,CANTERBURY/MT DANDENONG,INT,Melway,052B07
0147,147,MAROONDAH/WARBURTON,INT,Melway,038K02
0148,148,MANCHESTER/BRICE,INT,Melway,037F12
0149,149,ANDERSON/HARDY,INT,Melway,038F05
0150,150,MAROONDAH NR GREEN ST,POS,Melway,278C01
0151,151,MANCHESTER/BELLARA,INT,Melway,037G09
0152,152,BELL NR HERBERT  (YARRA GLEN),POS,Melway,275A02
0153,153,MAROONDAH/CIVIC CENTRE,INT,Melway,048G09
0154,154,WARBURTON HWY/YARRA JUNCTION-NOOJEE RD,INT,Melway,288E08
0155,155,EDWARD RD/VIEWPOINT DR,INT,Melway,037G04
0156,156,MERRINDALE NR CENTREWAY,FLASH PX,Melway,051A08
0157,157,MAROONDAH HWY/ KIMBERLEY/ FLETCHER,INT,Melway,037F05
0158,158,CANTERBURY/BUNNINGS HARDWARE ACCESS,INT,Melway,050J12
0159,159,BURWOOD HWY/LAKEWOOD DVE,INT,Melway,073C01
0160,160,STATION ST/ALPINE,INT,Melway,074C03
0161,161,BURWOOD HWY/LAKESIDE DR,INT,Melway,062C07
0162,162,BURWOOD HWY/BLACKBURN,INT,Melway,061K07
0163,163,BURWOOD HWY NR SEVEN OAKS,INT,Melway,062B07
0164,164,BURWOOD HWY/SPRINGVALE,INT,Melway,062D07
0165,165,BURWOOD HWY/SAFEWAY ENTRANCE/RSPCA ENT,INT,Melway,061F06
0166,166,BURWOOD HWY/HANOVER/HARTLAND,INT,Melway,062G08
0167,167,BURWOOD HWY NR BENWERRIN,POS,Melway,061H06
0168,168,BURWOOD HWY/MORACK RD,INT,Melway,063A08
0169,169,BURWOOD HWY/MOUNTAIN HWY,INT,Melway,063C08
0170,170,BURWOOD HWY/STUD,INT,Melway,063J11
0171,171,STUD RD/KNOX CITY ENT 1,INT,Melway,063J10
0172,172,BURWOOD HWY/KNOX CITY ENT 2/TYNER,INT,Melway,063K11
0173,173,BURWOOD HWY/KNOX CITY ENT 3/LYNNE,INT,Melway,063K11
0174,174,BURWOOD HWY/SCORESBY,INT,Melway,073D01
0175,175,STUD/KNOX TAFE COLLEGE ENT,INT,Melway,063J12
0176,176,BURWOOD HWY/FERNTREE GULLY,INT,Melway,073J03
0177,177,BURWOOD HWY/DORSET,INT,Melway,073K04
0178,178,BURWOOD HWY/KNOX CITY ENT 5/TYNER,INT,Melway,064A12
0179,179,BURWOOD HWY/BRENOCK PARK/SELMAN,INT,Melway,074C04
0180,180,BURWOOD HWY/KNOX CITY ENT 4,INT,Melway,064A12
0181,181,BURWOOD HWY NR WILLOW,POS,Melway,074E05
0182,182,BURWOOD HWY/DAWSON,INT,Melway,074F06
0183,183,MAIN NR KILVINGTON,FLASH PX,Melway,127F04
0184,184,BELGRAVE-GEM NR EMERALD RES,FLASH PX,Melway,127F03
0185,185,PHE/SPRINGVALE,INT,Melway,080A04
0186,186,PHE NR REILLY,POS,Melway,080B05
0187,187,WELLS NR LANGSLOW,POS,Melway,093A04
0188,188,PHE/CORRIGAN,INT,Melway,080E08
0189,189,PHE/BROWNS,INT,Melway,080F10
0190,190,PHE/CHANDLER/ELONERA,INT,Melway,080J12
0191,191,PHE/HEATHERTON,INT,Melway,089K02
0192,192,PHE/GLADSTONE,INT,Melway,090B04
0193,193,PHE NR FIFTH (FIRE STN),FIRE W/W,Melway,090B04
0194,194,PHE/CLOW,INT,Melway,090D07
0195,195,PHE/WALKER,INT,Melway,090D08
0196,196,PHE/FOSTER,INT,Melway,090D08
0197,197,PHE/WEBSTER,INT,Melway,090E09
0198,198,PHE/FRANKSTON-DANDENONG,INT,Melway,090E10
0199,199,PHE/PLUNKETT,INT,Melway,090F11
0200,200,PHE/STH GIPPS HWY            HWY NOT FWY,INT,Melway,090G11
0201,201,PHE/POWER,INT,Melway,090J11
0202,202,STUD NR OSWALD,POS,Melway,090F04
0203,203,PHE/BELGRAVE-HALLAM/HALLAM,INT,Melway,096G01
0204,204,PHE/MAGID,INT,Melway,110C04
0205,205,PHE/DECOR,INT,Melway,091E12
0206,206,PHE/WEBB,INT,Melway,110D06
0208,208,PHE/BERWICK-CRANBOURNE/LYALL,INT,Melway,111C07
0209,209,HIGH ST/GLOUCESTER AVE,INT,Melway,111D07
0211,211,NEPEAN/STATION (ASPENDALE),INT,Melway,092F02
0212,212,NEPEAN NR THE STRAND,POS,Melway,097B01
0213,213,NEPEAN NR BAYVIEW,POS,Melway,092H04
0214,214,NEPEAN/LINCOLN,INT,Melway,092J06
0215,215,NEPEAN/LOCHIEL/STATION,INT,Melway,092K08
0216,216,NEPEAN/EDITHVALE,INT,Melway,092K09
0217,217,NEPEAN NR BRISTOL,POS,Melway,093A11
0218,218,NEPEAN/CHELSEA,INT,Melway,097B01
0219,219,STATION NR LINCOLN,POS,Melway,092J06
0220,220,NEPEAN NR SWANPOOL,POS,Melway,093B12
0221,221,NEPEAN/ARGYLE/MAURY,INT,Melway,097C02
0222,222,NEPEAN/BONDI,INT,Melway,097C04
0223,223,STATION/MCLEOD,INT,Melway,097D08
0224,224,NEPEAN/STATION (CARRUM SOUTH),INT,Melway,097D07
0225,225,NEPEAN NR RESERVE,POS,Melway,097D10
0226,226,NEPEAN NR ARMSTRONGS,POS,Melway,097D12
0227,227,NEPEAN/STATION (SEAFORD),INT,Melway,099D03
0228,228,NEPEAN/SEAFORD,INT,Melway,099D05
0229,229,NEPEAN NR MCCULLOCH,POS,Melway,099D08
0230,230,NEPEAN/BEACH,INT,Melway,102C01
0231,231,NEPEAN/WELLS,INT,Melway,102C02
0232,232,NEPEAN/PLAYNE,INT,Melway,102C02
0233,233,NEPEAN/DAVEY,INT,Melway,102C02
0235,235,NEPEAN/CANADIAN BAY,INT,Melway,105G03
0236,236,NEPEAN/WOORALLA/MT ELIZA WAY,INT,Melway,105F04
0237,237,NEPEAN/BUNGOWER,INT,Melway,104J11
0238,238,NEPEAN NR MOOMBA,POS,Melway,145E02
0239,239,NEPEAN/MAIN/MORNINGTON-TYABB,INT,Melway,145F01
0240,240,NEPEAN/CRAIGIE,POS,Melway,145D09
0241,241,THOMPSON NR GLADESVILLE BLVD,POS,Melway,097H05
0242,242,NEPEAN NR WILSON,POS,Melway,167G01
0243,243,POINT NEPEAN/PIER (DROMANA),INT,Melway,159H06
0244,244,NEPEAN/JETTY,INT,Melway,158F12
0245,245,NEPEAN NR BEVERLEY,POS,Melway,158K10
0247,247,NEPEAN/DUNDAS,INT,Melway,168E04
0248,248,NEPEAN/BONEO,INT,Melway,170A01
0249,249,NEPEAN NR CARMICHAEL,POS,Melway,169D03
0250,250,NEPEAN NR NAPIER (RYE),POS,Melway,168F04
0251,251,STH GIPPS HWY/SLADEN(CRAN-DAND),INT,Melway,133K06
0252,252,STH GIPPS HWY/GREENS,INT,Melway,095J03
0253,253,FOSTER/ENT CAPITAL CENTRE,INT,Melway,090E07
0254,254,STH GIPPS HWY/STAWELL,INT,Melway,133K04
0255,255,CRANBOURNE-FRANK/WARRANDYTE,INT,Melway,103J04
0256,256,SOUTH GIPPSLAND HWY/THOMPSONS,INT,Melway,129H09
0257,257,STH GIPPS HWY NR BAKEWELL,POS,Melway,133K05
0258,258,STH GIPPSLAND HWY/CAMMS,INT,Melway,133K02
0259,259,CRANBOURNE-FRANKSTON NR JOSEPHINE,POS,Melway,136A03
0260,260,STH GIPPS HWY NR ELIZABETH,POS,Melway,129G07
0261,261,CRANBOURNE-FRANKSTON/LONG ST,INT,Melway,103G05
0262,262,MONASH/HUNTINGDALE,INT,Melway,069K04
0263,263,MONASH/FORSTER,INT,Melway,070E05
0264,264,MONASH/BLACKBURN,INT,Melway,070H06
0265,265,MONASH/SPRINGVALE,INT,Melway,071B10
0266,266,MONASH/JACKSONS,INT,Melway,080J05
0267,267,MONASH/STUD (SOUTH),INT,Melway,081G12
0268,268,WELLINGTON/JACKSONS,INT,Melway,080K02
0269,269,CHELTENHAM/DINGLEY/SINCLAIR,INT,Melway,089K08
0270,270,STH GIPPSLAND FWY/PHE,INT,Melway,091C12
0271,271,CRANBOURNE/LEE,INT,Melway,102K04
0272,272,CRANBOURNE/FLETCHER/FIRE STN,INT,Melway,102D03
0273,273,KLAUER/HARTNETT,INT,Melway,099H07
0274,274,NEPEAN/FLETCHER,INT,Melway,102D01
0275,275,FRANKSTON-DANDENONG/FRANKSTON FWY RAMPS,INT,Melway,099F10
0276,276,CRANBOURNE/KARINGAL,INT,Melway,103B05
0277,277,NEPEAN NR WELLS,POS,Melway,102C02
0278,278,NEPEAN/HUMPHRIES,INT,Melway,101J08
0279,279,HEATHERTON/TOOTAL,INT,Melway,079E12
0280,280,SPRINGVALE/MORN PEN FWY,INT,Melway,093F06
0281,281,SPRINGVALE/WELLS/EDITHVALE,INT,Melway,093F06
0283,283,SPRINGVALE/GOVERNOR/HUTTON,INT,Melway,093H02
0284,284,EDITHVALE NR KINROSS       BICYCLE TRACK,POS,Melway,093C08
0285,285,POLICE/WANDA/GRACE,INT,Melway,080C05
0287,287,SPRINGVALE NR BALMORAL,POS,Melway,079K09
0288,288,SPRINGVALE/ST JAMES,INT,Melway,079K10
0289,289,STATION NR SWANPOOL,POS,Melway,093B12
0290,290,PHE/SMITH,INT,Melway,080C07
0291,291,STH GIPPSLAND FWY/POUND RD,INT,Melway,096B06
0292,292,STATION NR RETREAT,POS,Melway,092H04
0293,293,THAMES NR MULKARRA,POS,Melway,093E11
0294,294,PLYMOUTH NR SANDGATE,POS,Melway,036G12
0295,295,MAROONDAH/YARRA,INT,Melway,036J12
0297,297,MAROONDAH HWY/BRAND SMART,INT,Melway,4.8E+10
0299,299,POINT NEPEAN ROAD/NINTH AVENUE,INT,Melway,158D12
0300,300,PHE/MCGREGOR/THE AVENUE,INT,Melway,317C06
0301,301,PLYMOUTH/YARRA,INT,Melway,036H12
0302,302,CRANBOURNE-FRANK/SOUTHGATEWAY,INT,Melway,103K04
0303,303,HALLAM/CORAL/FORDHOLM,INT,Melway,096F08
0304,304,FRANKSTON-DANDENONG/ABBOTTS,INT,Melway,095D07
0305,305,STH GIPPSLAND HWY/LYNBROOK BLVD,INT,Melway,129D01
0306,306,WARBURTON HWY NR HEARSE,POS,Melway,289C04
0307,307,NEPEAN HWY/BUNNINGS ENT/SCHOOL ENT,INT,Melway,104J11
0308,308,POINT NEPEAN/HYGEIA,INT,Melway,168H04
0309,309,WELLS/PALM/NARELLE,INT,Melway,093C04
0310,310,SOUTH GIPPSLAND HWY/LESDON,INT,Melway,129H11
0311,311,THOMPSONS/WOODBINE,INT,Melway,129J09
0312,312,WELLS/NURTEN/ROYAL PALMS,INT,Melway,093D05
0313,313,PHE/LAKESIDE,INT,Melway,215H04
0314,314,SPRINGVALE/REYNOLDS,INT,Melway,034G07
0315,315,WARRANDYTE NR ALEXANDER,POS,Melway,034H02
0316,316,HIGH NR VILLAGE,POS,Melway,033A11
0317,317,MANNINGHAM/WILLIAMSONS,INT,Melway,033D10
0318,318,WILLIAMSONS/SHOP TOWN ENT N,INT,Melway,033D12
0319,319,WILLIAMSONS/SHOP TOWN ENT S,INT,Melway,033D12
0320,320,THOMPSONS/FOOTE/TEMPLESTOWE,INT,Melway,033B05
0321,321,BLACKBURN/RAILWAY,INT,Melway,48A09
0323,323,DONCASTER NR HENDER,POS,Melway,046K01
0324,324,DONCASTER/ELGAR  (SLAVED 325),INT,Melway,047D01
0325,325,DONCASTER/TRAM/WILLIAMSONS,INT,Melway,047D01
0326,326,DONCASTER/FREDERICK/SHOPPING,INT,Melway,047E01
0327,327,DONCASTER/COUNCIL,INT,Melway,047E01
0328,328,RAILWAY/CHAPEL,INT,Melway,048A09
0329,329,DONCASTER/CHURCH,INT,Melway,033G12
0330,330,DONCASTER/WETHERBY/VICTORIA,INT,Melway,047H01
0331,331,DONCASTER/JACKSON CRT,INT,Melway,047K01
0332,332,DONCASTER NR LEEDS,POS,Melway,047K01
0333,333,DONCASTER/DRYDEN,INT,Melway,048B01
0334,334,DONCASTER/DONCASTER BUS DEPOT,INT,Melway,047J01
0335,335,DONCASTER/BLACKBURN,INT,Melway,048C01
0336,336,BARKLY ST / RAILWAY GVE / RING RD,INT,Melway,104E11
0337,337,DONCASTER/TUNSTALL,INT,Melway,048E01
0338,338,DONCASTER/MITCHAM/OLD W'DYTE,INT,Melway,048E02
0339,339,SPRINGVALE/MITCHAM,INT,Melway,048F03
0340,340,BLACKBURN/KING,INT,Melway,034C09
0341,341,GEORGE NR DEHNERT,POS,Melway,033K11
0342,342,BLACKBURN NR CANOPUS,POS,Melway,034C11
0343,343,MITCHAM/SPRINGFIELD,INT,Melway,048J06
0344,344,DONCASTER EAST NR MITCHAM,POS,Melway,048J07
0345,345,MITCHAM/DONCASTER EAST,INT,Melway,048K07
0346,346,MITCHAM/VICTORIA,INT,Melway,048K08
0348,348,Huntingdale Rd/Proposed Access Rd,INT,Melway,061A08
0349,349,ROOKS NR CARWEEN,POS,Melway,048H11
0350,350,BLACKBURN NR CASSOWARY,POS,Melway,048B03
0351,351,BLACKBURN/GEORGE,INT,Melway,034C11
0352,352,BLACKBURN NR MONTGOMERY,POS,Melway,070J02
0353,353,BLACKBURN/CENTREWAY,INT,Melway,070J05
0354,354,BLACKBURN/SOUTH PDE,INT,Melway,048A10
0355,355,BLACKBURN NR BINDY,POS,Melway,062A03
0356,356,HIGHBURY/BLACKBURN,INT,Melway,061K08
0357,357,BLACKBURN NR HAWTHORN,POS,Melway,062A05
0358,358,BLACKBURN/HIGH ST RD,INT,Melway,061K12
0359,359,BLACKBURN/COLEMAN,INT,Melway,070J01
0360,360,BLACKBURN/WAVERLEY,INT,Melway,070J04
0361,361,HIGH ST RD/GALLAGHERS,INT,Melway,071F01
0362,362,BLACKBURN NR CHERRY,POS,Melway,061K10
0363,363,BLACKBURN/DUERDIN,INT,Melway,070H10
0364,364,SNEDDEN/THE GLEN CAR PARK,INT,Melway,071C01
0365,365,HIGH ST RD/CAPITAL AVENUE,INT,Melway,071H01
0366,366,BORONIA NR LUSK,POS,Melway,063A03
0367,367,BORONIA/WANTIRNA,INT,Melway,063G05
0369,369,BORONIA/STUD,INT,Melway,064A07
0370,370,BORONIA NR DINSDALE,POS,Melway,064E08
0371,371,BORONIA/SCORESBY,INT,Melway,064F09
0372,372,BORONIA NR ROSE,POS,Melway,064H09
0373,373,BORONIA NR TORMORE,POS,Melway,064J09
0374,374,DORSET/BORONIA,INT,Melway,065A09
0375,375,BORONIA/ERICA,INT,Melway,064K09
0376,376,BORONIA/FLORISTON/HASTINGS,INT,Melway,065A09
0377,377,FERNTREE GULLY / ENT BUNNINGS (KNOX),INT,Melway,073A07
0378,378,FERNTREE GULLY/BORG,POS,Melway,072G07
0379,379,HIGH STREET RD NR FONTEYN,POS,Melway,072F01
0380,380,FOREST NR ALPINE,FLASH PX,Melway,074C03
0381,381,BURWOOD HWY/DOBSON (AMBULANCE DEPOT),FIRE W/W,Melway,073F02
0383,383,HIGH STREET RD/CATHIES LANE NORTH,INT,Melway,072E01
0384,384,FERNTREE GULLY/HENDERSON/DAIRY ENTRANCE,INT,Melway,073B07
0385,385,FOREST NR DOYSAL,POS,Melway,074D01
0387,387,FLETCHER NR BEACH,POS,Melway,
0388,388,BORONIA/CFA FIRE STATION,FIRE SIG,Melway,064F09
0389,389,MAROONDAH NR COMO,POS,Melway,038K03
0391,391,STUD/CENTRE,INT,Melway,072J08
0393,393,SPRINGVALE NR CAVES,BUS SIG,Melway,062E01
0394,394,PHE/DOHERTY ST,INT,Melway,215K04
0395,395,HUTTON RD/ CHAPEL RD,INT,Melway,094B02
0396,396,NARRE WARREN NTH/MARAMBA,INT,Melway,110F01
0397,397,SHRIVES/CENTRE,INT,Melway,110C07
0398,398,STH GIPPSLAND HWY/HUON PARK/WENTWORTH,INT,Melway,129G07
0399,399,BERWICK-CRANBOURNE/BEMERSYDE (NTH),INT,Melway,111B12
0400,400,HALLAM/POUND,INT,Melway,096F06
0401,401,NARRE WARREN NTH/ERNST WANKE,INT,Melway,108F10
0402,402,O'SULLIVAN NR GLENWAY ARCADE,FLASH PX,Melway,071C02
0403,403,NARRE WARREN NTH/MAGID/RYELANDS,INT,Melway,110E03
0404,404,KINGSWAY NR O'SULLIVAN,POS,Melway,071C02
0405,405,MONASH EXIT RAMP/POLICE,INT,Melway,080K06
0406,406,MONASH ENTRY RAMP/POLICE,POS,Melway,080K06
0407,407,KINGSWAY/RAILWAY PDE NTH,INT,Melway,071C02
0408,408,SPRINGVALE/THE GLEN SHOPPING,INT,Melway,071C01
0409,409,SPRINGVALE NR MILTON,POS,Melway,048E12
0411,411,SPRINGVALE/HAWTHORN,INT,Melway,062D05
0412,412,SPRINGVALE NR ASTELOT,POS,Melway,048F04
0413,413,SPRINGVALE/SPRINGFIELD,INT,Melway,048F08
0414,414,SPRINGVALE NR TUNSTALL,POS,Melway,048F08
0415,415,SPRINGVALE NR WALKERS/SILVER,POS,Melway,048F10
0416,416,SPRINGVALE NR STATION,POS,Melway,048F10
0417,417,SPRINGVALE/CANTERBURY,INT,Melway,062E02
0418,418,SPRINGVALE NR JOLIMONT,POS,Melway,062E04
0420,420,SPRINGVALE/HIGHBURY,INT,Melway,062D09
0421,421,SPRINGVALE NR TOLMIE,POS,Melway,062D10
0422,422,SPRINGVALE/HIGH STREET RD,INT,Melway,071D01
0423,423,SPRINGVALE/COLEMAN/GLEN/RAILWAY PDE,INT,Melway,071C02
0424,424,SPRINGVALE NR WILSON,POS,Melway,071C04
0426,426,SPRINGVALE/WAVERLEY,INT,Melway,071C04
0427,427,SPRINGVALE NR WHITES LANE,POS,Melway,071C06
0429,429,SPRINGVALE/FERNTREE GULLY,INT,Melway,071B08
0430,430,SPRINGVALE/DUNLOP,INT,Melway,071B10
0431,431,SPRINGVALE/MAGID,INT,Melway,071B09
0432,432,SPRINGVALE/WELLINGTON,INT,Melway,080B01
0433,433,SPRINGVALE/KINGSWAY,INT,Melway,071C03
0434,434,SPRINGVALE NR LUCIAN,POS,Melway,080A07
0435,435,SPRINGVALE/LIGHTWOOD,INT,Melway,079K09
0436,436,SPRINGVALE/WINDSOR,INT,Melway,079K10
0437,437,SPRINGVALE NR ANDREW,POS,Melway,079K12
0438,438,SPRINGVALE/HEATHERTON,INT,Melway,079K12
0439,439,SPRINGVALE/ATHOL,INT,Melway,088K03
0440,440,SPRINGVALE/CLARKE/PATERSON,INT,Melway,088J05
0441,441,SPRINGVALE/SPRINGVALE BYPASS,INT,Melway,088J06
0442,442,SPRINGVALE/CHELTENHAM,INT,Melway,088J08
0443,443,SPRINGVALE NR SVALE FIRE STN,FIRE W/W,Melway,088K03
0444,444,SPRINGVALE NR WAREHAM,POS,Melway,080A06
0445,445,PHE/OVERLAND,INT,Melway,110D05
0446,446,FERNTREE GULLY NR HOWLEYS,POS,Melway,070H08
0448,448,HIGH STREET RD/SNEDDEN DR,INT,Melway,062C12
0449,449,FERNTREE GULLY/LUM,INT,Melway,071F09
0450,450,FERNTREE GULLY/BRANDON PK,INT,Melway,071C09
0451,451,FERNTREE GULLY/BLACKBURN,INT,Melway,070H08
0452,452,FERNTREE GULLY NR AVONHURST,POS,Melway,070K08
0453,453,BLACKBURN NR TAMBO,POS,Melway,061K11
0454,454,FERNTREE GULLY/WATSONS/STRADA,INT,Melway,071D09
0455,455,FERNTREE GULLY/JELLS,INT,Melway,071J09
0456,456,FERNTREE GULLY/STUD,INT,Melway,072J07
0457,457,FERNTREE GULLY/MOUNTAIN GATE,INT,Melway,073H03
0459,459,FERNTREE GULLY/SCORESBY,INT,Melway,073D05
0460,460,HIGH ST RD/VANNAM/JORDAN,INT,Melway,060J10
0461,461,COLEMAN NR FIANDER,POS,Melway,070K01
0462,462,GALLAGHERS NR TOWNSEND,POS,Melway,071F03
0463,463,HIGH ST RD/HUNTINGDALE,INT,Melway,061A11
0464,464,HIGH ST RD/STEPHENSONS,INT,Melway,061F11
0465,465,HIGH ST RD NR CHARLES,POS,Melway,061G11
0466,466,HIGH ST RD/LAWRENCE,INT,Melway,061H12
0467,467,HIGH ST RD NR HUNTER,POS,Melway,061K12
0468,468,HIGHBURY NR FINCH,POS,Melway,061D08
0469,469,HIGH ST RD/WESLEY COLLEGE,INT,Melway,062A12
0470,470,HUNTINGDALE NR ROCKLANDS,POS,Melway,061A10
0471,471,HUNTINGDALE NR MCLOCHLAN,POS,Melway,070A02
0472,472,POLICE/BROWNS,INT,Melway,080J06
0473,473,HIGH ST RD NR TECK,POS,Melway,060K11
0474,474,HUNTINGDALE NR RAILWAY,POS,Melway,061A12
0475,475,POLICE NR DUNOON,POS,Melway,080B05
0476,476,STEPHENSONS NR SIMPSON,POS,Melway,061F10
0477,477,CAPITAL NR WESTLANDS,POS,Melway,062F11
0478,478,VIRGINIA NR STEPHENSONS,FLASH PX,Melway,070E02
0479,479,STEPHENSONS NR KEMP,POS,Melway,070E03
0480,480,STEPHENSONS/MILLERS,INT,Melway,070E01
0481,481,STEPHENSONS/WAIMARIE,INT,Melway,070E01
0482,482,STEPHENSONS/VIRGINIA,INT,Melway,070E02
0483,483,STEPHENSONS/WAVERLEY,INT,Melway,070E03
0484,484,WANDA NR SHAFTSBURY,POS,Melway,080C01
0485,485,WAVERLEY NR MCLAREN,POS,Melway,070A03
0486,486,WAVERLEY NR PARK LANE,POS,Melway,070D03
0487,487,WAVERLEY/FORSTER,INT,Melway,070F03
0488,488,WAVERLEY NR ARISTOC,POS,Melway,071A04
0489,489,WELLINGTON/WANDA/MONASH DR,INT,Melway,080C01
0490,490,GLADSTONE RD/HALTON RD,INT,Melway,081C11
0491,491,WELLINGTON RD/COLES MYER HOUSE,INT,Melway,080B01
0492,492,WELLINGTON/JELLS,INT,Melway,080H02
0493,493,WELLINGTON/BRANDON PK,INT,Melway,080G01
0495,495,HUTTON RD/ GREEN RD/ PERRY RD,INT,Melway,094E02
0496,496,HIGH ST RD NR ALVIE,POS,Melway,061D11
0498,498,JELLS/GRANDVIEW,INT,Melway,071H11
0499,499,JELLS/WHEELERS HILL SHOPPING CENTRE,INT,Melway,071J10
0500,500,SPRINGVALE/THE WATERWAYS,INT,Melway,093G03
0501,501,POINT NEPEAN/TRUEMANS,INT,Melway,169000
0502,502,CLYDE RD NR CENTRE RD,POS,Melway,111B12
0503,503,BERWICK-CRANBOURNE (CLYDE)/KANGAN,INT,Melway,111C10
0504,504,THOMPSONS NR LESDON,POS,Melway,129G09
0505,505,CRANBOURNE-FRANKSTON/SLADEN/MONAHANS,INT,Melway,133E05
0506,506,NARRE WARREN-CRANB/ORMOND/LITTLECROFT,INT,Melway,130C05
0507,507,NEPEAN HWY/STATION (CARRUM NORTH),INT,Melway,097C06
0508,508,CLYDE/GREAVES/O'SHEA,INT,Melway,131B03
0509,509,MONASH FWY/TINKS,INT,Melway,108B11
0510,510,STATION/THAMES PROMENADE,INT,Melway,097B01
0511,511,MOOROODUC HWY/GERTRUDE,INT,Melway,102F03
0512,512,MONASH FWY/BELGRAVE-HALLAM,INT,Melway,091H10
0513,513,BEACONSFIELD-BERWICK/B'FIELD-EMERALD,INT,Melway,111H11
0514,514,CRANBOURNE-FRANKSTON/UNION/PINDARA,INT,Melway,103K04
0515,515,DANDENONG-FRANKSTON RD NR WILLOW,POS,Melway,095C11
0516,516,SEAFORD/WELLS,INT,Melway,099G05
0517,517,BALLARTO RD NR GREENWOOD,POS,Melway,100F06
0518,518,WEBB ST NR REBOUND CT,FLASH PX,Melway,110D06
0519,519,HEATHERTON/BELGRAVE-HALLAM,INT,Melway,108F06
0520,520,MOOROODUC/SAGES,INT,Melway,106F04
0521,521,BELGRAVE-HALLAM/FRAWLEY,INT,Melway,091H11
0522,522,FRANKSTON-CRANBOURNE RD/ BROOKLAND GREEN,INT,Melway,133B08
0523,523,JOSEPHINE nr MONASH FWY,POS,Melway,108C12
0524,524,EASTBOURNE RD btw SPRAY St & Nineth Av,POS,Melway,170E03
0525,525,NEPEAN/FRANKSTON PIER ACCESS,INT,Melway,102B03
0526,526,NARRE WARREN NTH RD/MEMORIAL DRV,FIRE SIG,Melway,108G08
0527,527,POLICE RD / HANSWORTH ST,INT,Melway,080H06
0528,528,DAVEY-HASTINGS NR FRANKSTON HOSP ENT,POS,Melway,102E04
0529,529,WESTERN PORT HWY/MORETON BAY,INT,Melway,129A02
0530,530,MONASH (Hallam Bypass)/PHE,INT,Melway,110H06
0531,531,FRANKSTON-FLINDERS/MORNINGTON-TYABB,INT,Melway,148J10
0532,532,NARRE WARREN-CRANBOURNE/CENTRE,INT,Melway,110D11
0533,533,NARRE WARREN-CRANBOURNE/FULLARD,INT,Melway,110E07
0534,534,BELGRAVE-HALLAM/YOUNG (CFA),FIRE SIG,Melway,91H12
0535,535,PHE/MANUKA/BYRN MAWR,INT,Melway,111G10
0536,536,MONASH FWY RAMP METERING/FTG I/B,RAMP MTR,,
0537,537,CLYDE/MOONDARRA/MEADOWLANDS,INT,Melway,131B06
0538,538,BURWOOD HWY/STANLEY/FORTESCUE,POS,Melway,62F07
0539,539,MONASH FWY/BLACKBURN O/B,RAMP MTR,,
0540,540,MONASH FWY/WELLINGTON IB,RAMP MTR,,
0541,541,DANDENONG-FRANKSTON/QUALITY/COJO,INT,Melway,95D6
0542,542,WELLS/ENTERPRIZE,INT,Melway,93F08
0544,544,BLACKBURN NR MATTHEW,POS,Melway,61J12
0545,545,FRANKSTON FWY/SKYE,INT,Melway,99F11
0546,546,HEATHERDALE NR RAIL STATION,POS,Melway,049D09
0547,547,PHE/RACECOURSE,INT,Melway,317G06
0548,548,THOMPSONS/ROSEBANK/SPRINGHILL,INT,Melway,129K10
0549,549,MAROONDAH HWY/OLD MELBOURNE/BUNNING,INT,Melway,037E07
0550,550,EASTBOURNE NR THE VILLAGE GLEN,POS,Melway,169J03
0551,551,MT DANDENONG/EASTFIELD,INT,Melway,50C6
0552,552,MCLEOD NR TENNYSON,FIRE SIG,Melway,9.7E+08
0553,553,PHE/EMERGENCY SERVICES PREC.,FIRE SIG,Melway,215H04
0554,554,BONEO/MCCOMBE,INT,Melway,170A01
0555,555,NEPEAN/LONSDALE,INT,Melway,158H11
0556,556,CLYDE/CRESTHAVEN,INT,Melway,131B04
0557,557,HALLAM NTH/BELGRAVE-HALLAM,INT,Melway,091H08
0558,558,HALLAM NTH/JAMES COOK,INT,Melway,091H07
0559,559,HALLAM NR SOMERVILLE,POS,Melway,96F08
0561,561,STUD(SERVICE) NR COLEMAN,FLASH PX,Melway,063K09
0562,562,MOUNTAIN GATE NR ADELE,FLASH PX,Melway,073H03
0563,563,POINT NEPEAN/LYONS,INT,Melway,168F04
0564,564,CHELTENHAM/KENEALLY,INT,Melway,090B08
0565,565,PRINCES HIGHWAY EAST/WINDERMERE,INT,Melway,317K05
0566,566,PATRICK NORTHEAST NR MAGID,FLASH PX,Melway,110C4
0567,567,PHE/BRUNT/WHITESIDE,INT,Melway,214D2
0568,568,PAPERBARK NR HAWTHORN,POS,Melway,90K09
0569,569,STH GIPPS'D HWY/MCDOWALL/COMMERCIAL,INT,Melway,96C10
0570,570,CRANBOURNE-FRANKSTON/HALL,INT,Melway,133C05
0571,571,BLACKBURN/THE PINES SHOPPING ACCESS,INT,Melway,34D05
0572,572,WARBURTON/HEALESVILLE-KOO WEE RUP,INT,Melway,286F11
0573,573,WARBURTON HWY NR DON,POS,Melway,287H06
0574,574,EASTERN FWY/MIDDLEBOROUGH,INT,Melway,047H04
0575,575,EASTERN FWY/BLACKBURN,INT,Melway,048B05
0576,576,EASTERN FWY/SPRINGVALE,INT,Melway,048F05
0577,577,BURWOOD HWY/HOLLAND/K-MART ENT,INT,Melway,061K06
0578,578,BURWOOD HWY NR HIGHVIEW,POS,Melway,061J06
0579,579,BURWOOD HWY NR CROW,POS,Melway,061G06
0580,580,HIGHBURY NR NARMARA,POS,Melway,061G08
0581,581,MIDDLEBOROUGH/SPRINGFIELD,INT,Melway,047H07
0582,582,MITCHAM NR ORIENT,POS,Melway,048K12
0583,583,SPRINGFIELD NR SELWYN,POS,Melway,047H07
0584,584,SPRINGFIELD NR MARDION,POS,Melway,048D07
0585,585,SURREY/SPRINGFIELD,INT,Melway,048B07
0586,586,SPRINGFIELD/WILLIAMS,INT,Melway,047K07
0587,587,SURREY NR JUNCTION,POS,Melway,048B06
0588,588,WICKLOW NR TOORAK,FLASH PX,Melway,050J03
0589,589,SPRINGFIELD NR HEPPNER,POS,Melway,047K07
0590,590,MITCHAM/PARK,INT,Melway,048J05
0591,591,STH GIPPSLAND HWY NR LYALL,POS,Melway,144B03
0592,592,MANNINGHAM/MACEDON,INT,Melway,033A09
0594,594,MONASH FWY/NARRE WARREN NTH,INT,Melway,110E04
0595,595,GREENS/SOUTH PARK DEVELOPMENT ACCESS,INT,Melway,095B02
0596,596,MITCHAM/PREMIER/REDLAND,INT,Melway,062K01
0597,597,PRINCES HWY/ARMY,INT,Melway,317H05
0598,598,PHE/VICTOR,INT,Melway,110F06
0599,599,PHE/PROGRESS,INT,Melway,090J11
0600,600,PHE/FITZGERALD/HINRICHSEN,INT,Melway,096J01
0601,601,PHE/TINKS,INT,Melway,110A03
0602,602,PHE/HARMER/WEDGEWOOD,INT,Melway,091D12
0603,603,MONASH FWY/STUD O/B RAMP,RAMP MTR,,
0604,604,PHE/NARRE WARREN-CRANBOURNE,INT,Melway,110E06
0605,605,HEATHERTON/POWER,INT,Melway,091A03
0606,606,POWER/PAPERBARK/BOX,INT,Melway,090K10
0607,607,HEATHERTON/MATTHEW FLINDERS,INT,Melway,091D04
0608,608,PHE/PAKENHAM/DUNCAN,INT,Melway,317A05
0609,609,PHE NR DEVENEY,POS,Melway,317D06
0610,610,PHE NR TIVENDALE,INT,Melway,214H04
0611,611,PHE/LONE STAR/GMH ENTRANCE,INT,Melway,091B12
0612,612,PHE/MANSFIELD,INT,Melway,110J07
0613,613,HEATHERTON/HANNA/FAWKNER,INT,Melway,091G05
0614,614,MONASH/HEATHERTON (NB RAMPS),INT,Melway,090K03
0615,615,MONASH/HEATHERTON (SB RAMPS),INT,Melway,090K03
0616,616,POWER NR ACER,POS,Melway,090K07
0617,617,HALL/CADLES,INT,Melway,100G02
0618,618,PHE/CLYDE (NTH) EXIT,INT,Melway,111C11
0619,619,PFE/CLYDE (STH) EXIT,INT,Melway,111C11
0620,620,FRANKSTON-DANDENONG/THOMPSONS,RBT MTR,Melway,098K07
0621,621,DANDENONG VALLEY/MONTEREY/ELLIOTT,INT,Melway,095D05
0622,622,HULL NR MARION,POS,Melway,051E02
0623,623,DORSET/EASTFIELD,INT,Melway,051A08
0624,624,BAYSWATER/CENTRAL,INT,Melway,050G09
0625,625,BAYSWATER NR BELMONT,POS,Melway,050G08
0626,626,BAYSWATER/EASTFIELD,INT,Melway,050G07
0627,627,CROYDON NR SURREY,POS,Melway,050K01
0628,628,DORSET/HULL/HEWISH,INT,Melway,051B03
0629,629,DORSET/MT DANDENONG,INT,Melway,051B04
0630,630,DORSET NR DUMOSA,POS,Melway,051A07
0631,631,DORSET/CANTERBURY,INT,Melway,051A11
0632,632,HULL NR RUSKIN,POS,Melway,051C03
0633,633,DORSET/LINCOLN (SOUTH),INT,Melway,051B01
0634,634,MT DANDENONG/WICKLOW,INT,Melway,050H04
0635,635,MT DANDENONG/BAYSWATER,INT,Melway,050H04
0636,636,MT DANDENONG NR ANZAC,POS,Melway,050J04
0637,637,MT DANDENONG/CIVIC,INT,Melway,050K04
0638,638,MT DANDENONG NR RUSKIN,POS,Melway,051C04
0639,639,MT DANDENONG/COLCHESTER,INT,Melway,051F05
0640,640,MT DANDENONG/MAIN,INT,Melway,050J04
0641,641,DORSET/LINCOLN (NORTH),INT,Melway,051B01
0642,642,CLOW NR ARATULA,POS,Melway,090F07
0643,643,GLADSTONE NR JANICE,POS,Melway,090B03
0644,644,CHANDLER NR ISAAC,POS,Melway,089G07
0645,645,BENNET/JONES/RAILWAY,INT,Melway,090A06
0646,646,STUD/CLOW,INT,Melway,090F07
0647,647,WALKER NR MCCRAE,POS,Melway,090E07
0648,648,MCCRAE/FOSTER,INT,Melway,090E08
0649,649,WALKER/THOMAS,INT,Melway,090D08
0650,650,CHELTENHAM/FOSTER/THOMAS,INT,Melway,090D08
0651,651,CHELTENHAM/HAMMOND,INT,Melway,090C08
0653,653,GLADSTONE NR GLADSVILLE,POS,Melway,081C11
0654,654,GLADSTONE NR O'MALLEYS,POS,Melway,090B01
0655,655,HAMMOND/KIRKHAM,INT,Melway,090C10
0656,656,HEATHERTON/CHANDLER,INT,Melway,089H02
0657,657,HEATHERTON/GLADSTONE,INT,Melway,090B02
0658,658,JACKSONS NR JUSTIN,POS,Melway,080J09
0659,659,POLICE/JACKSONS,INT,Melway,080J06
0660,660,STUD NR HERBERT,POS,Melway,090F06
0661,661,STUD/HEATHERTON,INT,Melway,090F03
0662,662,STUD/BRADY,INT,Melway,081G11
0663,663,HEATHERTON/JAMES,INT,Melway,090C02
0664,664,FRANKSTON-DANDENONG/GREENS,INT,Melway,095D03
0665,665,HAMMOND/GREENS,INT,Melway,095B02
0666,666,JACKSONS NR AHERN,POS,Melway,080J07
0667,667,HAMMOND/WEBSTER,INT,Melway,090C09
0668,668,CHELTENHAM/BENNET,INT,Melway,090A08
0669,669,CLOW/WALKER,INT,Melway,090E07
0670,670,CHELTENHAM/CHANDLER,INT,Melway,089G09
0671,671,STUD/DAVID,INT,Melway,090F05
0672,672,BRADY NR SHALIMAR,FLASH PX,Melway,081D10
0673,673,FOSTER/ROBINSON,INT,Melway,090D08
0674,674,PHE (LONSDALE) NR LANGHORNE,POS,Melway,090E08
0676,676,GLADSTONE/BRADY,INT,Melway,081C10
0677,677,HIGH NR MAYFAIR,POS,Melway,033C07
0678,678,HIGH/MANNINGHAM,INT,Melway,033B09
0679,679,JAMES NR ANDERSON,POS,Melway,033E04
0680,680,MANNINGHAM/THOMPSONS,INT,Melway,032H08
0681,681,FOOTE/HIGH,INT,Melway,033C05
0682,682,MANNINGHAM/GRANT OLSEN,INT,Melway,032G07
0683,683,MANNINGHAM/BRIDGE,INT,Melway,032D05
0684,684,MANNINGHAM NR DERRECK,POS,Melway,032G07
0685,685,TEMPLESTOWE/ SHEAHANS,INT,Melway,032G04
0686,686,MANNINGHAM/BULLEEN,INT,Melway,032E06
0687,687,WILLIAMSONS/GEORGE,INT,Melway,033D10
0688,688,THOMPSONS NR BARAK,POS,Melway,032E10
0689,689,THOMPSONS NR FULLER,POS,Melway,032G09
0690,690,THOMPSONS NR JEFFREY,POS,Melway,032K07
0691,691,WILLIAMSONS/LYNNWOOD/KING,INT,Melway,033E08
0692,692,VICTORIA/GEORGE,INT,Melway,033J11
0693,693,THOMPSONS NR WARATAH,POS,Melway,033A06
0694,694,WARRANDYTE NR MELBOURNE HILL,POS,Melway,035C02
0695,695,YARRA NR WHIPSTICK,POS,Melway,023E11
0696,696,WETHERBY NR ROSS,POS,Melway,047H01
0697,697,FOOTE NR ELSA,POS,Melway,033E05
0698,698,BLACKBURN/REYNOLDS,INT,Melway,034D06
0700,700,WILLIAMSONS/FOOTE,INT,Melway,033F05
0701,701,WILLIAMSONS NR EUCALYPT,INT,Melway,033E08
0702,702,DANDENONG-FRANKSTON/EXCELSIOR,INT,Melway,100A06
0703,703,REYNOLDS/THE PINES SHOPPING CENTRE,INT,Melway,034D06
0704,704,REYNOLDS/ANDERSON CREEK,INT,Melway,034E06
0705,705,MANNINGHAM/AYR,INT,Melway,032K09
0706,706,HIGH/LYNNWOOD,INT,Melway,033C08
0707,707,WARRANDYTE - RINGWOOD/FALCONER,INT,Melway,035H08
0708,708,BLACKBURN/ANDERSON CREEK,INT,Melway,034C10
0709,709,EASTERN FWY RAMP/THOMPSONS,INT,Melway,032E10
0710,710,STUD/MONASH FWY RAMPS (NORTH),INT,Melway,081G12
0711,711,MAIN/WATTLETREE/PARK WEST,INT,Melway,022A02
0712,712,MAIN/BOLTON,INT,Melway,021F10
0713,713,MAIN NR DIAMOND,INT,Melway,021K04
0714,714,MAIN RD /DUDLEY STREET,INT,Melway,021J05
0715,715,MAIN/BRIDGE,INT,Melway,021J06
0716,716,MAIN NR PROSPERITY,POS,Melway,021B08
0717,717,MAIN NR PRYOR,POS,Melway,021K05
0718,718,MAIN/PANORAMA/GR BLVD,INT,Melway,021D08
0719,719,MAIN/PARA,INT,Melway,021B08
0720,720,PARA NR DOBSON,POS,Melway,021B05
0721,721,MOUNTAIN VIEW/SHERBOURNE,INT,Melway,021C03
0723,723,BURWOOD HWY/STATION,INT,Melway,074B04
0724,724,SHERBOURNE NR OUTLOOK,POS,Melway,021E04
0725,725,FITZSIMONS NR PORTER,POS,Melway,033F03
0727,727,GREENS/LANYON,INT,Melway,095F03
0728,728,DAVEY/YOUNG,INT,Melway,102C03
0729,729,FRANKSTON-DANDENONG/KLAUER,INT,Melway,099J08
0730,730,BEACH/YOUNG/DANDENONG,INT,Melway,102D01
0731,731,CRANBOURNE/MCMAHONS/FRANKSTON FWY,INT,Melway,102G03
0732,732,MT ELIZA NR DAVIES,FLASH PX,Melway,105F01
0733,733,FRANKSTON-DANDENONG/SEAFORD/BALLARTO,INT,Melway,100A06
0734,734,FRANK-DAND NR BAWDEN,POS,Melway,098F12
0735,735,FRANKSTON-DANDENONG/SKYE/OVERTON/WELLS,INT,Melway,099E10
0737,737,FRANK-FLIND/GOLF LINK/TOWERHILL,INT,Melway,102G07
0738,738,FRANK-FLIND/MCMAHONS(MOOROODUC/DAVEY),INT,Melway,102F05
0739,739,RAILWAY/STATION/MCKENZIE,INT,Melway,099E03
0740,740,WELLS NR MCCULLOCH,POS,Melway,099F08
0741,741,YOUNG NR STATION,POS,Melway,102D02
0742,742,SEAFORD/HARTNETT,INT,Melway,099H05
0743,743,MOOROODUC HWY/HEATHERHILL,INT,Melway,102F06
0744,744,CRANBOURNE/MCCLELLAND,INT,Melway,103D05
0745,745,DAVEY/BAXTER/HASTINGS,INT,Melway,102D03
0746,746,CRANBOURNE NR WATTLETREE,POS,Melway,103A05
0747,747,CRANBOURNE/KARINGAL HUB ENT,INT,Melway,103C05
0748,748,FLETCHER/BEACH/RAILWAY,INT,Melway,102E01
0749,749,FRANKSTON-DANDENONG/O'GRADYS,INT,Melway,100D04
0750,750,CRANBOURNE/PLAYNE,INT,Melway,102D03
0751,751,BEACH/MCMAHONS,INT,Melway,102G02
0752,752,FRANKSTON-DANDENONG/LATHAMS/HALL,INT,Melway,100E02
0753,753,SEAFORD/RAILWAY/FORTESCUE,INT,Melway,099E05
0754,754,GREENS/KITCHEN,INT,Melway,095G03
0755,755,MOOROODUC HWY NR BURNLEY,POS,Melway,102F04
0756,756,MOOROODUC HWY/ROBINSONS,INT,Melway,102G10
0757,757,YOUNG NR WELLS,FLASH PX,Melway,102D02
0758,758,FRANK-FLIND NR ERAMOSA,FLASH PX,Melway,107E12
0760,760,ERAMOSA NR FRANK-FLINDERS,FLASH PX,Melway,107F12
0761,761,BALLARTO/MCCLELLAND,INT,Melway,100J07
0762,762,HIGH NR VICTORIA & KING,FLASH PX,Melway,154J11
0763,763,MARINE PDE / BARCLAY,INT,Melway,154J06
0764,764,BURWOOD/GLENFERN (FERNTREE GULLY),INT,Melway,074A04
0765,765,FERNTREE GULLY/LYNTON/JANINE,INT,Melway,072H07
0766,766,MOUNTAIN HWY/JERSEY,INT,Melway,064J03
0767,767,DORSET/CHANDLER,INT,Melway,065A08
0768,768,ALBERT NR BAMBURY,POS,Melway,065C08
0770,770,DORSET NR ELSIE,POS,Melway,065A08
0771,771,DORSET RD NR CHANDLER,POS,Melway,065A09
0772,772,DORSET RD NR ALMA RD,POS,Melway,073K02
0773,773,MOUNTAIN HWY/HAROLD,INT,Melway,063F06
0774,774,MOUNTAIN HWY/WANTIRNA,INT,Melway,063G05
0775,775,MOUNTAIN HWY/BORONIA,INT,Melway,063H05
0776,776,MOUNTAIN HWY NR RACHELLE,POS,Melway,063J05
0777,777,MOUNTAIN HWY/SCORESBY/BAYSWA,INT,Melway,064G03
0778,778,MOUNTAIN HWY/DORSET,INT,Melway,065A02
0779,779,SCORESBY NR APPLEGUM,POS,Melway,073E01
0780,780,SCORESBY NR VICTORIA,POS,Melway,064G07
0781,781,STUD/GEORGE,INT,Melway,072J05
0782,782,STUD/AVALON,INT,Melway,081J02
0783,783,STUD/COLEMAN/HAROLD,INT,Melway,063K09
0784,784,STUD/WELLINGTON,INT,Melway,081J03
0785,785,STUD/HIGH STREET RD,INT,Melway,072J01
0786,786,STUD/KELLETTS,INT,Melway,072K10
0787,787,LYSTERFIELD/NAPOLEON/GLENFERN,INT,Melway,074C08
0788,788,SCORESBY/POWER/STATION,INT,Melway,064G04
0789,789,WELLINGTON/NAPOLEON,INT,Melway,82F03
0790,790,MOUNTAIN HWY/STUD,INT,Melway,064B04
0791,791,MOUNTAIN HWY/HIGH/VALENTINE,INT,Melway,064F03
0792,792,SCORESBY NR ORANGE,POS,Melway,064G05
0793,793,WANTIRNA NR SELKIRK,POS,Melway,063G03
0794,794,MOUNTAIN HWY NR VIOLEN,POS,Melway,064E04
0795,795,STUD/LAKEVIEW/FULHAM,INT,Melway,072J12
0796,796,FERNTREE GULLY/CARIBBEAN/NYADALE,INT,Melway,072F08
0797,797,DORSET ROAD NR WES CRES,POS,Melway,073K03
0798,798,WELLINGTON/CORPORATE/JAYDEE,INT,Melway,081F03
0799,799,STUD/NUBRICK ENTRANCE,INT,Melway,072J03
0800,800,KELLETTS NR ST LAWRENCE WAY,INT,Melway,073D11
0801,801,STUD/STUD PARK SHOPPING CENTRE,INT,Melway,081J01
0802,802,FULHAM NR PEPPER TREE HILL,INT,Melway,081K01
0803,803,WELLINGTON/TAYLORS,INT,Melway,082A03
0805,805,GEORGE/CHURCH,INT,Melway,033H10
0806,806,DORSET RD/LANDSCAPE DRV,INT,Melway,065A05
0807,807,DORSET RD / FRANCIS CR,INT,Melway,073K01
0808,808,GLADSTONE/OUTLOOK,INT,Melway,81C06
0809,809,BRICE NR GEORGE & BATHURST,POS,Melway,037G12
0810,810,BRICE NR STATION,POS,Melway,037F12
0811,811,DURHAM NR ANITA,POS,Melway,051H05
0812,812,HUTCHINSON/JOHN,INT,Melway,038E05
0813,813,LILYDALE-MONTROSE NR MT DAND,POS,Melway,052C07
0814,814,MT DANDENONG NR LILYDALE-MON,POS,Melway,052D07
0815,815,MT DANDENONG/DURHAM/LIVERPOOL,INT,Melway,051G05
0817,817,WRAY nr STATION,FLASH PX,Melway,118A12
0818,818,HULL RD NR REAY,POS,Melway,051G01
0819,819,WRAY nr YORK,FLASH PX,Melway,120B01
0820,820,MONBULK/CLEGG,INT,Melway,120D01
0821,821,FRANKSTON-FLINDERS/STONY POINT,INT,Melway,164G05
0822,822,WARBURTON  NR BELL,POS,Melway,119K10
0823,823,WARBURTON NR SEBIRE,POS,Melway,119C11
0824,824,KELLETTS/TAYLORS,INT,Melway,073B11
0825,825,BURWOOD HWY NR KELVIN,POS,Melway,073H02
0827,827,FERNTREE GULLY/WINDERMERE,INT,Melway,073E04
0833,833,POINT NEPEAN nr SIXTH AVE,POS,Melway,158D12
0834,834,POINT NEPEAN/MARINE DR,INT,Melway,159K04
0836,836,CANADIAN BAY/MT ELIZA WAY,INT,Melway,105F1
0837,837,MT ELIZA WAY NR CANADIAN BAY,FLASH PX,Melway,105F01
0838,838,RAILWAY NR BLACKBURN,FLASH PX,Melway,047K10
0839,839,RAILWAY NR STATION,FLASH PX,Melway,047K10
0840,840,SOUTH PARADE NR MAIN,FLASH PX,Melway,047K10
0841,841,CANTERBURY NR BRANKSOME,POS,Melway,061H01
0842,842,CANTERBURY NR ORCHARD,POS,Melway,061J01
0843,843,CANTERBURY/PACIFIC WAY,INT,Melway,062C01
0844,844,CANTERBURY/BLACKBURN,INT,Melway,062A01
0845,845,CANTERBURY/GLEBE,INT,Melway,062C01
0846,846,CANTERBURY/MAHONEYS,INT,Melway,062D01
0847,847,CANTERBURY NR BRENTFORD,POS,Melway,062G02
0848,848,CANTERBURY/STEVENS,INT,Melway,062H02
0849,849,CANTERBURY/MITCHAM/BORONIA,INT,Melway,062K02
0850,850,CANTERBURY NR ANDREW,POS,Melway,063C01
0851,851,CANTERBURY/HEATHERDALE,INT,Melway,063D01
0852,852,WONGA NR TORTICE,POS,Melway,050B01
0853,853,CANTERBURY/WANTIRNA,INT,Melway,063G01
0854,854,CANTERBURY NR ALLENS,POS,Melway,050B12
0855,855,CANTERBURY/HEATHMONT,INT,Melway,050A12
0856,856,MAHONEYS NR CANTERBURY,POS,Melway,062D02
0857,857,CANTERBURY/BEDFORD/ARINGA,INT,Melway,050B11
0858,858,CANTERBURY NR HEATHWOOD (ARMSTRONG),POS,Melway,050D11
0859,859,CANTERBURY/GATWICK,INT,Melway,051C11
0860,860,CANTERBURY/BAYSWATER,INT,Melway,064G01
0861,861,CANTERBURY NR BALFOUR,POS,Melway,063K01
0862,862,WONGA NR GRAEME,POS,Melway,049K03
0863,863,CANTERBURY/COLCHESTER,INT,Melway,051E10
0864,864,CANTERBURY/LIVERPOOL,INT,Melway,051H09
0865,865,CANTERBURY/ROOKS,INT,Melway,062J02
0866,866,RINGWOOD/EASTLAND SHOP,INT,Melway,049G07
0867,867,RINGWOOD BYPASS/WARRANDYTE,INT,Melway,049H07
0868,868,BURWOOD HWY/MT DANDENONG TOURIST RD,INT,Melway,074H05
0869,869,RINGWOOD/RINGWOOD BYPASS,INT,Melway,049G07
0870,870,STATION NR CARRUM RAIL STATION,FLASH PX,Melway,097D07
0871,871,CANTERBURY/TERRARA,INT,Melway,062J02
0872,872,BURWOOD HWY/FIRE STATION,FIRE SIG,Melway,074F06
0873,873,WELLINGTON/SILKWOOD/BRAEBURN,INT,Melway,82C03
0874,874,HIGH STREET NR BAYSWATER VILLAGE,FLASH PX,Melway,64 F04
0875,875,HIGH NR PINE,FLASH PX,,
0876,876,STATION STREET / BAYSWATER STATION,FLASH PX,Melway,64 F04
0877,877,CHANDLER ROAD / KMART,FLASH PX,Melway,65 A09
0878,878,MONASH FWY/JACKSONS (IB),RAMP MTR,,
0879,879,POINT NEPEAN NR CAPEL,POS,Melway,169H2
0881,881,WELLINGTON/PIONEER ACCESS,INT,Melway,82E03
0882,882,MOUNTAIN HWY NR FOREST,FLASH PX,Melway,
0883,883,FOREST NR CONYERS,FLASH PX,Melway,065G08
0884,884,MOUNTAIN HWY NR RAILWAY,POS,Melway,064F03
0886,886,MAROONDAH NR RYLAND,POS,Melway,050F02
0887,887,CROYDON/LINCOLN (see site no. 137),INT,Melway,036K12
0888,888,MAROONDAH/OLIVER,INT,Melway,049K07
0889,889,BAYSWATER NR GLEN PARK,POS,Melway,064G02
0890,890,COLCHESTER NR COLLIER,POS,Melway,065D01
0891,891,WARRANDYTE/EASTLAND NORTH ACCESS,INT,Melway,049H08
0892,892,WARRANDYTE/WONGA,INT,Melway,049J04
0893,893,CANTERBURY/CADBURY SCHWEPPES ENTRANCE,INT,Melway,063F01
0895,895,WANTIRNA/STATION,INT,Melway,049G09
0896,896,RINGWOOD/BOND,INT,Melway,049G08
0897,897,BEDFORD/WARRANDYTE,INT,Melway,049H08
0898,898,STATION NR KENDALL,POS,Melway,049G09
0899,899,RAILWAY NR LOIS,FLASH PX,Melway,050C07
0900,900,MT DANDENONG NR MIRABEL,INT,Melway,050D06
0901,901,MT DANDENONG/DUBLIN,INT,Melway,050B07
0902,902,RAILWAY NR STANLEY,POS,Melway,050C08
0904,904,BEDFORD NR LENA,POS,Melway,049K09
0905,905,BEDFORD NR TAGGELL,POS,Melway,050A10
0906,906,WANTIRNA NR DAISY,POS,Melway,049G12
0907,907,WANTIRNA NR ELLISON,POS,Melway,049G10
0908,908,WARRANDYTE NR OBAN/MELVIEW/DICKSON,POS,Melway,049J03
0910,910,WARRANDYTE/LOUGHNAN,INT,Melway,049H05
0911,911,LOUGHNANS / MONTALBO,INT,Melway,049E07
0912,912,WARRANDYTE NR POWRIE,POS,Melway,049J02
0913,913,RINGWOOD/LOUGHNANS,INT,Melway,049G06
0914,914,BEDFORD/DUBLIN,INT,Melway,050B10
0915,915,WANTIRNA NR KIRK,POS,Melway,049G10
0916,916,DUBLIN/ALEXANDRA,INT,Melway,050B09
0917,917,WARRANDYTE NR WOODSIDE,POS,Melway,049H07
0918,918,DUBLIN NR RAILWAY,POS,Melway,050B08
0919,919,BURWOOD HWY/GLENFERN (TECOMA),INT,Melway,075C09
0920,920,BURWOOD HWY/MORRIS/MAST GULLY,INT,Melway,075A08
0921,921,BURWOOD HWY/SANDELLS,INT,Melway,075D09
0922,922,MAIN NR MT PLEASANT,FLASH PX,Melway,124H01
0923,923,CHELTENHAM/CORRIGAN,INT,Melway,089C09
0924,924,CHELTENHAM/KINGSCLERE,INT,Melway,089E09
0925,925,CORRIGAN/ATHOL,INT,Melway,089D03
0926,926,MAIN NR TERRYS,POS,Melway,075F10
0927,927,CORRIGAN/LIGHTWOOD,INT,Melway,080D12
0928,928,DOUGLAS NR LEONARD,POS,Melway,089F02
0929,929,HEATHERTON/CORRIGAN,INT,Melway,089D01
0930,930,HEATHERTON/KELVINSIDE,INT,Melway,089F01
0931,931,CORRIGAN NR COLLEGE,POS,Melway,089C08
0932,932,HEATHERTON/WESTALL,INT,Melway,079G12
0933,933,CORRIGAN/NOBLE,INT,Melway,089D02
0934,934,LIGHTWOOD NR LAWN,POS,Melway,080C11
0935,935,SPRINGVALE BYPASS NR ROWAN RD,POS,Melway,088H05
0936,936,WESTALL/OSBORNE,INT,Melway,079G08
0937,937,POLICE NR EDINBURGH,POS,Melway,080D05
0938,938,HEATHERTON NR MEMORIAL,POS,Melway,089F01
0939,939,NAPOLEON NR LAKESFIELD,POS,Melway,73H10
0940,940,HEATHERTON NR COOPER,POS,Melway,089B01
0941,941,WESTALL NR LIBBETT,POS,Melway,079G10
0942,942,CORRIGAN/KINGSCLERE,INT,Melway,089C05
0943,943,SPRINGVALE/SPOTLIGHT CENTRE,INT,Melway,080A05
0944,944,LWR DANDENONG/CTR DANDENONG,INT,Melway,088H08
0945,945,DOUGLAS NR BUCKLEY,FLASH PX,Melway,089F02
0946,946,DOUGLAS NR FRANK,FLASH PX,Melway,089E01
0947,947,HEATHERTON/SPRINGVALE PLAZA,INT,Melway,079H12
0948,948,PHE/SPRINGVALE BYPASS,INT,Melway,079H02
0949,949,CENTRE DANDENONG NR HARLEY,POS,Melway,088G07
0951,951,GLADSTONE NR MURRAY,POS,Melway,081C08
0952,952,CLOW NR STUART,POS,Melway,090E07
0953,953,ELONERA NR TITCHER,POS,Melway,080J11
0954,954,CHANDLER/DOUGLAS/RAILWAY,INT,Melway,089H04
0955,955,CLEELAND NR KING,POS,Melway,090D06
0956,956,HEMMINGS NR WILMA,FLASH PX,Melway,090B06
0957,957,MENZIES NR CHIFLEY,FLASH PX,Melway,090C02
0958,958,MENZIES NR CURTIN,FLASH PX,Melway,090C02
0959,959,HEATHERTON/BOYD/CLEELAND,INT,Melway,090E03
0960,960,CLOW NR CLEELAND,POS,Melway,090D07
0961,961,STH GIPPSLAND HWY/ABBOTTS RD,INT,Melway,096A08
0962,962,WESTALL/ROSEBANK,INT,Melway,079H07
0963,963,CHELTENHAM/PARKMORE SHOP CENTRE,INT,Melway,089E09
0964,964,ABBOTTS/CLELANDS DEVELOPMENTS,INT,Melway,095G08
0965,965,STH GIPPSLAND HWY/WATERVIEW,INT,Melway,095K05
0966,966,POWER RD NR MONASH FWY,POS,Melway,090K05
0967,967,WELLS RD/ AMAROO DR (SOUTH),INT,Melway,093G09
0968,968,ABBOTTS/GAINE/MONASH,INT,Melway,095K08
0969,969,GLADESTONE/PERKIN/GATEWAY,INT,Melway,090C04
0970,970,WARRIGAL/HIGH ST RD,INT,Melway,060G10
0971,971,CANTERBURY RD/GREAT RYRIE STREET,INT,Melway,063K01
0972,972,ABBOTTS/NATIONAL,INT,Melway,95J08
0973,973,BAXTER-TOORADIN NR PERYMAN,POS,Melway,140H06
0974,974,STH GIPPS'D HWY/POUND,INT,Melway,96A06
0975,975,HALLAM SOUTH NR HALLAM STATION,POS,Melway,96G4
0976,976,HEATHERTON/VIEW,INT,Melway,89A1
0977,977,PRINCES NR WOODS,POS,Melway,
0978,978,POINT NEPEAN NR FITZJOHNS,FLASH PX,Melway,156F02
0979,979,CHELTENHAM/CAMBRIA,INT,Melway,089H09
0980,980,OBAN/ NTH RINGWOOD SHOPPING CENTRE,INT,Melway,049K03
0981,981,PHE/JAMES,INT,Melway,090C05
0982,982,FRANKSTON-DANDENONG/JAYCO,INT,Melway,095C12
0983,983,ABBOTTS/REMINGTON,INT,Melway,095G08
0984,984,MAIN/FITZSIMONS,RBT MTR,Melway,021G10
0985,985,BONEO NR CAIN,POS,Melway,170A04
0986,986,MCCLELLAND/NORTH,INT,Melway,103D06
0987,987,SPRINGVALE/MILES,INT,Melway,080A02
0988,988,BONEO/BUNNINGS ACCESS,INT,Melway,170A08
0990,990,BRIDGE/SILVER,INT,Melway,021H06
0991,991,PHE NR ROBINSON,POS,Melway,90D6
0992,992,HALLAM SOUTH/KEPPEL/EMPIRE,INT,Melway,096G03
0994,994,SPRINGVALE/HAROLD,INT,Melway,088J04
0995,995,PHE NR PEEL,POS,Melway,111F09
0996,996,STUD PK SHOP CENTRE CAR PARK NR BUS STOP,FLASH PX,Melway,081J01
0997,997,STUD PK SHOPPING CENTRE NR  MCDONALDS,FLASH PX,Melway,081J01
0998,998,EASTBOURNE NR WHITEHEAD,POS,Melway,170A03
0999,999,CANTERBURY NR GREEN HILL,POS,Melway,064F01
1000,1000,KEILOR/HOFFMANS,INT,Melway,016B11
1001,1001,MT ALEXANDER NR MOONEE PONDS,POS,Melway,028J07
1002,1002,EPSOM/LANGS,INT,Melway,028F10
1003,1003,MT ALEXANDER NR COMMU CENTRE,POS,Melway,028G07
1005,1005,ASCOT VALE/GLADSTONE,INT,Melway,028J08
1006,1006,PUCKLE/MOORE/MARGARET/HOLMES,INT,Melway,028H07
1007,1007,BULLA/TULLAMARINE FWY EB ON/OFF RAMP,INT,Melway,16E11
1009,1009,EPSOM/FLEMINGTON RACECOURSE ENT,INT,Melway,28H12
1010,1010,EPSOM/UNION,INT,Melway,028G11
1011,1011,ASCOT VALE/KENT,INT,Melway,028J11
1012,1012,BULLA/WOODLAND,INT,Melway,016E12
1013,1013,ASCOT VALE NR EDINBURGH,POS,Melway,028H12
1014,1014,EPSOM NR ROSEBERRY,POS,Melway,028E09
10149,10149,PFE/DARNUM INTERCHANGE,INT,VicRoads,
1017,1017,KOO WEE RUP/LIVESTOCK WAY/STH EAST BLVD,INT,Melway,323F02
1018,1018,MAROONDAH HWY/LANDSCAPE,INT,Melway,037K05
1019,1019,CHELTENHAM/ALLAN,INT,Melway,090B08
1023,1023,BERWICK-BEACONSFIELD/GOFF,POS,Melway,111K12
1028,1028,FRANK-DANDY/KIRKHAM,INT,Melway,9E+12
1029,1029,GRATTAN/DRUMMOND,INT,Melway,2BG08
1030,1030,GLEN IRIS NR FERNDALE PARK,POS,Melway,060A07
1031,1031,BURKE/BURWOOD,INT,Melway,045J11
1034,1034,FARADAY/DRUMMOND,INT,Melway,43J04
1036,1036,QUEENSBERRY/DRUMMOND,INT,Melway,2BG11
1037,1037,QUEENSBERRY ST/LEICESTER ST,INT,Melway,2B-C10
1038,1038,PUNT/GATE 6,INT,Melway,2G-G08
1039,1039,QUEENSBERRY/CARDIGAN,INT,Melway,2B-F10
1043,1043,PARK/TRAMWAY CROSSING,INT,Melway,029E10
1044,1044,ROYAL/WALKER,INT,Melway,029G12
1045,1045,SPENCER NR FLINDERS ST,POS,Melway,2F-A08
1046,1046,ROYAL NR IEVERS,POS,Melway,029G11
1047,1047,SALMON/HOLDEN ACCESS,INT,Melway,42H11
1048,1048,KING/VICTORIA,INT,Melway,033J09
1049,1049,HIGH NR PINE (250M),FLASH PX,Melway,064F04
1050,1050,HIGH BTW CLYDE & GLOUCESTER,POS,Melway,
1051,1051,VICTORIA/ERROL,INT,Melway,2A-J11
1052,1052,WELLINGTON/CLARENDON,INT,Melway,2G-D05
1053,1053,ABBOTTSFORD/HAINES,INT,Melway,2A-G07
1054,1054,MACAULAY NR FOGARTY,POS,Melway,2A-E07
1055,1055,APPLETON DOCK LINK/ENTERPRIZE,POS,Melway,042J08
1056,1056,CRANBOURNE-FRANKSTON/AMSTEL GC,INT,Melway,133D05
1057,1057,ROYAL NR BAYLES,POS,Melway,2B-C05
1059,1059,FRANKLIN/PEEL/WILLIAM,INT,Melway,2F-A01
1060,1060,ELIZABETH NR PELHAM,FLASH PX,Melway,2B-B08
1061,1061,ELIZABETH/PEEL/FLEM/BEDFORD,INT,Melway,2B-B09
1062,1062,COLLEGE NR CEMETERY,FLASH PX,Melway,2B-C04
1063,1063,DUDLEY NR WILLIAM,POS,Melway,2B-A12
1064,1064,RACECOURSE/WESTERN LINK ON/OFF RAMPS,INT,Melway,2A-C02
1065,1065,WURUNDJERI/STADIUM SE ENTRANCE,INT,Melway,2E-J05
1066,1066,HARBOUR ESP/LATROBE,INT,Melway,2E-G04
1067,1067,HARBOUR ESP NR LATROBE,POS,Melway,2E-G05
1068,1068,HARBOUR ESP/COMTECHPORT ENT,INT,Melway,2EG4
1069,1069,DOCKLANDS/SAINT MANGOS,INT,Melway,2EE3
1071,1071,WAVERLEY NR BRUCE,POS,Melway,069B02
1072,1072,STADIUM/COLLINS,INT,Melway,2E-H07
1073,1073,MIDDLE/CAPON,INT,Melway,069E04
1074,1074,COLLINS NR STADIUM DR,POS,Melway,2E-J07
1075,1075,COLLINS NR SPENCER ST STATION,POS,Melway,2E-K06
1076,1076,GEORGIANA/WURUNDJERI,INT,Melway,2EJ08
1077,1077,CRANBOURNE-FRANKSTON/FAIRBAIRN,INT,Melway,133G05
1078,1078,CRANBOURNE-FRANKSTON/SCOTT,INT,Melway,133J06
1079,1079,DANDENONG-FRANKSTON NR KLAUER,BUS SIG,Melway,099J07
1080,1080,HIGH/WARNER,INT,Melway,
1081,1081,KELLETS/NAPOLEON,INT,Melway,073G11
1082,1082,BERWICK_BEACONSFIELD NR GLOUCESTER,FLASH PX,,111D07
1083,1083,TULLA FWY/ENGLISH (GANTRY C),O/H LANE,Melway,16B08
1084,1084,TULLA FWY/BRISTOL (GANTRY B),O/H LANE,Melway,16A08
1085,1085,TULLA/VAUGHAN (GANTRY D),O/H LANE,Melway,16B07
1091,1091,CRANBOURNE/PEN.POWER CENTRE ACCESS,INT,Melway,
1093,1093,WELLINGTON/NANTILLA,INT,Melway,
1094,1094,PHE/OLIVE,INT,Melway,091A11
1095,1095,MELBOURNE NR HOSKING,POS,Melway,056B07
1097,1097,MASON NR MIRLS,FLASH PX,Melway,055J04
1099,1099,MELBOURNE NR MCROBERT,POS,Melway,055K03
1100,1100,MAROONDAH HWY/EASTLINK,INT,Melway,
1101,1101,MAROONDAH HWY/HILLCREST/CARPARK,INT,Melway,
1102,1102,EASTLINK/CANTERBURY INTERCHANGE,INT,Melway,630
1103,1103,EASTLINK/BURWOOD HWY INTERCHANGE,INT,Melway,063D09
1104,1104,BORONIA/EASTLINK,INT,Melway,
1105,1105,EASTLINK/HIGH STREET ROAD INTERCHANGE,INT,Melway,072D01
1106,1106,MONASH/SPRINGVALE O/B,RAMP MTR,,
1107,1107,EASTLINK/FERNTREE GULLY INTERCHANGE,INT,Melway,072D08
1108,1108,WELLINGTON/EASTLINK,INT,Melway,081D02
1109,1109,EASTLINK/POLICE INTERCHANGE,INT,Melway,081C06
1110,1110,PHE/HIMBECK/AMBULANCE,AMBU SIG,,
1111,1111,EASTLINK/CHELTENHAM INTERCHANGE,INT,Melway,089J09
1112,1112,DSB/EASTLINK,INT,Melway,089J11
1113,1113,GREENS/EASTLINK,INT,Melway,
1114,1114,THOMPSON/EASTLINK,INT,Melway,
1115,1115,MONASH/JACKSONS OB,RAMP MTR,,
1116,1116,CRANBOURNE-FRANKSTON/WESTERN PORT,RBT MTR,Melway,132G11
1117,1117,HIGH STREET/GEORGE,INT,Melway,072C01
1118,1118,DANDENONG SOUTHERN BYPASS/PERRY,INT,Melway,8.9E+11
1119,1119,DANDENDONG SOUTH BYPASS/CHANDLER,INT,Melway,089G11
1120,1120,DANDENONG SOUTHERN BYPASS/HAMMOND,INT,Melway,090C12
1121,1121,DANDENONG STH BYPASS/DAND_FRANSTON,INT,Melway,9E+13
1122,1122,DANDENONG STH BYPASS/STH GIPPSLAND HWY,INT,Melway,095G01
1123,1123,DORSET/CLIPSAL,INT,Melway,65A01
1124,1124,MONASH/NARRE WARREN NORTH IB,RAMP MTR,,
1125,1125,MONASH/HEATHERTON OB,RAMP MTR,,
1126,1126,MONASH/HEATHERTON IB,RAMP MTR,,
1127,1127,MONASH/BELGRADE-HALLAM OB,RAMP MTR,,
1128,1128,MONASH/BELGRAVE-HALLAM IB,RAMP MTR,,
1129,1129,MONASH/ERNST WANKE IB,RAMP MTR,,
1130,1130,MONASH/PHE IB,RAMP MTR,,
1131,1131,MONASH/STUD I/B,RAMP MTR,,
1132,1132,MONASH/CLYDE IB,RAMP MTR,,
1133,1133,STH GIPPSLAND FWY/PHE OB,RAMP MTR,,
1134,1134,SOUTH GIPPS FWY/SOUTH GIPPS HWY IB,RAMP MTR,,
1135,1135,SOUTH GIPPS FWY/POUND IB,RAMP MTR,,
1136,1136,STH GIPPSLAND FWY/PHE IB,RAMP MTR,,
1137,1137,WILLIAMSONS STH OF SERPELLS (FIRE SIG),FIRE SIG,,
1138,1138,SPRINGVALE/DONVALE RETIRMENT VILLAGE ENT,POS,Melway,
1139,1139,DORSET/GOLF LINKS/THE RANGE BVD,INT,,
1140,1140,BAXTER-TOORADIN/FULTONS/HAWKINS,RBT MTR,Melway,107B4
1141,1141,COLLINS/HARBOUR,INT,Melway,
1142,1142,COLLINS/NAVIGATION DR,INT,Melway,
1144,1144,BORONIA NR AMESBURY & ROXBURGH,POS,Melway,
1145,1145,CRANBOURNE/CLARENDON,INT,Melway,
1146,1146,SNEYDES RD / BOARDWALK BLVD,INT,Melway,2.07E+09
1147,1147,LYSTERFIELD/ WELLINGTON,INT,Melway,083D05
1148,1148,HALLAM STH BTW WILLOW & CENTRE,POS,,
1149,1149,HOGANS ROAD / DOWLING AVENUE,INT,,
1150,1150,HEIDELBERG/WESTGARTH,INT,,
1151,1151,BURGUNDY NR CAPE,POS,Melway,
1152,1152,SUNSHINE/OLYMPIA,INT,Melway,
1153,1153,WHEELER NR WILSON,FLASH PX,,
1154,1154,AITKEN/GRAND,INT,,
1155,1155,HAWTHORN NR AUTUMN,POS,,
1156,1156,SOUTH GIPPSLAND HWY BTW STATION/LOCH,POS,Melway,133K03
1157,1157,BALLAN/BOLTON,INT,Melway,
1158,1158,COLEMANS/PRODUCE,INT,Melway,
1159,1159,SUNBURY/BULLA-DIGGERS REST,RBT MTR,Melway,176J05
1160,1160,MCCLELLAND DRV/QUARRYRD,INT,Melway,
1161,1161,WHITEHALL ST NR BUNBURY,POS,,
1162,1162,DAVID MUNROE DR/STAINSBY CR,INT,Melway,179K08
1164,1164,SPRINGVALE/OLD WARRANDYTE,INT,Melway,034G12
1165,1165,NEPEAN/OAKBANK/EAGLE,INT,Melway,
1166,1166,EPSOM ROAD/SHOPPING CENTRE ACCESS,INT,Melway,
1167,1167,BOLTON ST NR WITHERS ST,POS,,
1168,1168,AQUEDUCT RD NR ERINNE CT,POS,Melway,011G09
1170,1170,STUD/TIMBERTOP,POS,Melway,081H05
1171,1171,FRANKSTON-DANDENONG/COLEMAN,INT,Melway,
1172,1172,CAROLINE SPRING BTW BRIDGEWATER/WENDOURE,POS,Melway,
1174,1174,FORSYTH / FEDERATION BLVD,INT,Melway,2.03E+11
1175,1175,WESTGATE/PROHASKY (ON RAMP O/B),RAMP MTR,,
1176,1176,MAROONDAHHWY/DON/STLEONARDS,INT,Melway,270D12
1177,1177,WALKER/LANGHORNE,INT,,
1178,1178,FLEMINGTON/RC-HOSPITAL ENTRANCE,INT,Melway,02AJ05
1180,1180,HEATHERTON NR LIEGE,POS,Melway,
1181,1181,HEATHERTON/LINK,INT,Melway,089K02
1182,1182,PHE/LINK,INT,Melway,089K02
1183,1183,BARKLY/SUMMERHILL,INT,Melway,41J03
1184,1184,MCGREGOR/HENRY,INT,Melway,
1185,1185,FERNTREE GULLY NR KATHRYN,POS,Melway,
1186,1186,OLD GEELONG/KMART DISTRIBUTION CENTRE,INT,Melway,2.03E+13
1188,1188,COLLINS NR KARLSRUHE LA (FMRL GEOGRAPHE),POS,Melway,
1189,1189,WEST BTW EILEEN/ILA,POS,Melway,017B03
1190,1190,DENMARK/STEVENSON,INT,Melway,45B07
1191,1191,CHARLES GRIMES BRIDGE OFF RAMP,INT,,
1192,1192,WHITE NR DAVEY,POS,Melway,
1194,1194,MAIN NR MONBULK,FLASH PX,Melway,
1197,1197,KOROROIT/FERGUSON,INT,Melway,056A08
1198,1198,THOMPSONS/WILLIAM THWAITES BVD,INT,Melway,130G11
1200,1200,VINEYARD/MCDOUGALL,INT,Melway,382A7
1202,1202,MAIN ROAD EAST NR STRADBROKE DRIVE,POS,Melway,26C01
1203,1203,RINGWOOD-WARRANDYTE/MILNE,INT,Melway,35J12
1204,1204,GLEN EIRA NR QUAT QUATTA AVE,POS,Melway,6.70E+02
1205,1205,WESTWOOD DR/INGLEWOOD DR/COMMERCIAL RD,INT,,
1207,1207,JACKSONS RD/ST MARYS SEMINARY/ACCESS,INT,Melway,80K04
1208,1208,HALLAM/ORMOND,INT,Melway,
1209,1209,EAST BOUNDARY RD/ARDENA CRT,INT,,
1211,1211,CARDINIA/HENRY/RIX,INT,,
1212,1212,HENRY/VILLAGE WAY/CAVERSHAM,INT,Melway,215D07
1213,1213,SUNBURY/BULLA/WILDWOOD,RBT MTR,Melway,177D09
1214,1214,BULLA/SOMERTON(GREEN ST),RBT MTR,Melway,177B08
1218,1218,LEAKES/MORRIS,INT,Melway,202K02
1219,1219,FOLEYS/LENNON PARKWAY/CENTRAL PARK BVD,INT,,
1220,1220,LOWER HEIDELBERG BTW CARLSBERG / GLENARD,POS,Melway,32A06
1223,1223,HARVESTER/SUNSHINE MARKETPLACE SHOPPING,INT,,
1225,1225,LIVERPOOL/GLASGOW,INT,Melway,51H12
1228,1228,MACKENZIE/DP WORLD EXIT,INT,,
1229,1229,JOHNSTONE ST BTW PEARCEDALE PDE/LORRAINE,POS,Melway,06F08
1231,1231,BROADWAY NTH OF GLENHUNTLY RD,FLASH PX,Melway,
1232,1232,"GLENHUNTLY RD , WEST OF BROADWAY",FLASH PX,Melway,
1233,1233,TAYLORS / CHIFLEY,POS,Melway,13B8
1234,1234,PHE (EAST) / BEACONSFIELD-BERWICK MAIN,INT,,
1235,1235,HEATHERTON/DOUGLAS/LIGHTWOOD,RBT MTR,Melway,8.90E+02
1236,1236,PLENTY/MASONS/HAZEL GLEN DRV,INT,Melway,390J06
1237,1237,WALKER/MASON,INT,Melway,91A C7
1238,1238,WALKER/GEORGE/CADLE,INT,Melway,91A C7
1239,1239,HEATHERHILL NR HILLCREST,FLASH PX,Melway,102 H6
1240,1240,GREENS RD/KEY DVE,INT,,
1241,1241,ST KILDA RD NEAR COMMERCIAL RD,POS,Melway,2L B8
1242,1242,ST KILDA RD NR UNION ST,POS,Melway,2P C01
1243,1243,ST KILDA RD NR HIGH ST,POS,Melway,2L C11
1244,1244,KOO WEE RUP-LONGWARRY/ROSSITER/STATION,INT,,
1246,1246,POUND RD/VANESSA DRIVE,INT,Melway,96 B6
1247,1247,STH GIPPSLAND FWY/ON-RAMP/POUND RD,INT,,
1248,1248,WINTON ROAD / PITT STREET,INT,,
1250,1250,MAROONDAH NR ANDERSON LILYDALE FIRE STAT,FIRE W/W,,
1251,1251,KANGAN DR (NEAR MCDONALDS ACCESS),POS,,
1252,1252,COLBY NR BELGRAVE-HALLAM,FLASH PX,,
1257,1257,BURKE RD NTH BTW KEAM AND MACKENNEL,POS,,
1258,1258,OAK ST BTW GARRARD AND POPLAR,POS,,
1260,1260,CRANBOURNE-FRANKSTON/NORTHGATEWAY/QUARRY,INT,Melway,136B02
1261,1261,CRANBOURNE-FRANKSTON/CENTRE/POTTS,INT,Melway,136D02
1262,1262,LEAKES RD/BANFIELD CT,INT,,
1263,1263,WESTERN PORT RD NR RUPERT ST,POS,,
1264,1264,THOMPSON RD/ALAN BIRD DRV,INT,,
1295,1295,PLAYNE NR THOMPSON,FLASH PX,Melway,100AC08
1296,1296,YOUNG NR PLAYNE,FLASH PX,Melway,100AC08
1299,1299,ANDERSON/GARDINER,INT,,
1300,1300,PHE/RICHARDSON ST,AMBU SIG,,
1303,1303,MELBOURNE ROAD/THE AVENUE,INT,,
1304,1304,MCDONALDS ROAD / CIVIC DRIVE,INT,,
1310,1310,COOPER ST/DALTON RD,INT,,
1311,1311,COOPER ST/ DAVISSON ST,INT,,
1314,1314,NARRE WARREN-CRANBOURNE NR HILLSMEADE,FIRE SIG,Melway,130D3
1318,1318,BOURKE STREET NR SPRING STREET,FLASH PX,,
1319,1319,BOURKE STREET NR SPRING STREET,FLASH PX,,
1344,1344,WANTIRNA NR GORDON,POS,,
1356,1356,PHE (LONSDALE)  NR  LANGHORNE,POS,,
1357,1357,PHE(LONSDALE) NR PULTNEY,POS,,
1364,1364,BAY RD NR FERNHILL RD,POS,,
1366,1366,KEILOR NEAR ELSTONE AVE,POS,,
1375,1375,CHANDLER NR GENISTA,FLASH PX,,
1401,1401,CITY LINK/GIBDON ENTRY,RAMP MTR,,
1403,1403,CITYLINK/YARRA BVD EAST BD ENTRY,RAMP MTR,,
1600,1600,MONASH FWY IB 1KM W OF TOORAK,O/H LANE,,
1601,1601,MONASH FWY IB 500M W OF TOORAK,O/H LANE,,
1602,1602,MONASH FWY OB 500M W OF TOORAK,O/H LANE,,
1603,1603,MONASH FWY IB 200M W OF TOORAK,O/H LANE,,
1604,1604,MONASH FWY OB 200M W OF TOORAK,O/H LANE,,
1605,1605,MONASH FWY OB 200M E OF TOORAK,O/H LANE,,
1606,1606,MONASH FWY IB 200M E OF TOORAK,O/H LANE,,
1607,1607,MONASH FWY OB 500M W OF BURKE,O/H LANE,,
1608,1608,MONASH FWY IB 500M W OF BURKE,O/H LANE,,
1609,1609,MONASH FWY IB ON BURKE RD BRIDGE,O/H LANE,,
1610,1610,MONASH FWY OB ON BURKE RD BRIDGE,O/H LANE,,
1611,1611,MONASH FWY IB ON YORK ST PED BRIDGE,O/H LANE,,
1612,1612,MONASH FWY OB ON YORK ST PED BRIDGE,O/H LANE,,
1613,1613,MONASH FWY IB ON HIGH ST BRIDGE,O/H LANE,,
1614,1614,MONASH FWY IB ON HIGH ST BRIDGE,O/H LANE,,
1615,1615,MONASH FWY OB TOORAK RD ONRAMP,O/H LANE,,
1616,1616,MONASH FWY IB BURKE RD ONRAMP,O/H LANE,,
1617,1617,MONASH FWY OB BURKE RD ONRAMP,O/H LANE,,
1618,1618,MONASH FWY IB HIGH ST ONRAMP,O/H LANE,,
1622,1622,WGB west of Todd,O/H LANE,Melway,056F01
1624,1624,WGF nr Westgate park I/B,O/H LANE,Melway,056D01
1625,1625,WGB/ 950M WEST OF TODD,O/H LANE,Melway,56F01
1626,1626,WGF nr Hyde I/B,O/H LANE,Melway,042B12
1627,1627,WESTGATE NR HYDE (OB),O/H LANE,Melway,42B12
1628,1628,WGF east of Hall I/B,O/H LANE,Melway,042A11
1629,1629,WGF east of Hall O/B,O/H LANE,Melway,042A11
1630,1630,WGF/Williamstown I/B,O/H LANE,Melway,041J11
1631,1631,WGF/Williamstown I/B,O/H LANE,Melway,041J11
1638,1638,WGF/WILLIAMSTOWN I/B,O/H LANE,,
1649,1649,MONASH FWY IB TOORAK RD ONRAMP,O/H LANE,,
1650,1650,WGF W of Kingsway (WB),O/H LANE,,
1651,1651,WGF nr Clarke (EB),O/H LANE,,
1652,1652,WGF Kingsway Offramp nr Clarke (EB),O/H LANE,,
1653,1653,WGF nr CityRd (WB),O/H LANE,,
1654,1654,WGF Kingsway Onramp nr CityRd (WB),O/H LANE,,
1655,1655,WGF nr Haig (EB),O/H LANE,,
1656,1656,WGF Kingsway Offramp nr Haig (EB),O/H LANE,,
1657,1657,WGF nr Whiteman (WB),O/H LANE,,
1658,1658,WGFK'way Onramp nr Whiteman (WB),O/H LANE,,
1659,1659,WGF E of Montague (EB),O/H LANE,,
1660,1660,WGF E of Montague Kingsway (EB),O/H LANE,,
1661,1661,WGF E of Montague Kingsway (EB),O/H LANE,,
1662,1662,WGF nr Ford (WB),O/H LANE,,
1663,1663,WGF Montague (WB),O/H LANE,,
1664,1664,WGF/Montague (WB) ramp B,O/H LANE,,
1665,1665,WGF/MONTAGUE RAMP B I/B,O/H LANE,,
1666,1666,WGF/K'way Onramp nr Governor (WB),O/H LANE,,
1667,1667,WGF nr Montague (WB),O/H LANE,,
1668,1668,WGF nr Montague (EB),O/H LANE,Melway,043D11
1669,1669,WGF nr Montague (EB),O/H LANE,,
1670,1670,WGF nr Lorimer (EB),O/H LANE,,
1671,1671,WGF/K'way Offramp nr Lorimer (EB),O/H LANE,,
1672,1672,WGF On Wstrn Lk nr Lorimer (EB),O/H LANE,,
1673,1673,WGF East of Ingles (WB),O/H LANE,,
1674,1674,WGF East of Ingles north side (WB),O/H LANE,,
1675,1675,WGF East of Ingles south side (WB),O/H LANE,,
1676,1676,WGF/Ingles (EB),O/H LANE,,
1677,1677,WGF East of Wstrn Lk (WB),O/H LANE,,
1678,1678,WGF/box 762,O/H LANE,Melway,43A012
1679,1679,WGF EAST OF CITYLINK,O/H LANE,,
1680,1680,WGF West of Wstrn Lk Offramp (WB),O/H LANE,,
1682,1682,WGF nr Bolte Offramp (EB),O/H LANE,,
1683,1683,WGF/Salmon (WB),O/H LANE,,
1684,1684,WGF/Salmon (EB),O/H LANE,,
1685,1685,WGF East of service centre (WB),O/H LANE,,
1686,1686,WGF/PROHASKY,O/H LANE,,
1687,1687,WGF EAST OF COOK,O/H LANE,,
1688,1688,WGF nr service centre (WB),O/H LANE,,
1690,1690,WGF/KINGSWAY ON RAMP O/B,O/H LANE,,
1691,1691,WGF WEST OF MONTAGUE O/B,O/H LANE,,
1692,1692,WGF/COOK SERVICE CENTRE ON RAMP I/B,O/H LANE,,
1693,1693,WESTGATE EAST OF TODD (OB),O/H LANE,,
1694,1694,WESTGATE EAST OF TODD (OB),O/H LANE,,
1695,1695,WGF Montague Onramp (WB),O/H LANE,,
1900,1900,EASTERN FWY/THOMPSONS ON RAMP OB,RAMP MTR,,
1901,1901,THOMPSONS/FEATHERTOP/WELLINGTON,INT,Melway,32K07
2000,2000,BURWOOD HWY/WARRIGAL,INT,Melway,060H06
2001,2001,BURWOOD HWY/GILMOUR/SOMERS,INT,Melway,060H06
2002,2002,BURWOOD HWY NR MILLICENT,POS,Melway,060J06
2003,2003,BURWOOD HWY NR PLC,POS,Melway,060K06
2004,2004,BURWOOD HWY/ELGAR/McINTYRE,INT,Melway,061A06
2005,2005,BURWOOD HWY/DEAKIN UNIVERSITY,INT,Melway,061B06
2006,2006,BURWOOD HWY/STATION,INT,Melway,061C06
2007,2007,BURWOOD HWY NR STARLING,POS,Melway,061E07
2008,2008,BURWOOD HWY/MIDDLEBOROUGH,INT,Melway,061F06
2009,2009,BURWOOD HWY/TEMPLETON/RENOU,INT,Melway,063G10
2010,2010,MIDDLEBOROUGH/AILSA,INT,Melway,061F03
2011,2011,CANTERBURY NR BALMORAL,POS,Melway,046J11
2012,2012,BURWOOD HWY/HIGH STREET RD/LEWIS,INT,Melway,064B12
2013,2013,STATION NR BRONTE & DELANY,POS,Melway,061C05
2015,2015,MELBOURNE NR HOBART PLACE (KNOX CITY),POS,Melway,064A11
2016,2016,Rooks Nr Maurice Court,POS,Melway,048H10
2017,2017,STUD/BERGINS,INT,Melway,81H04
2018,2018,BURWOOD HWY/BUNNINGS,INT,Melway,63A08
2019,2019,NEPEAN HWY/BENTONS,INT,Melway,
2020,2020,BURWOOD HWY NR MILPERA,POS,Melway,063F10
2021,2021,STATION BTW  BOARDMAN & GARDINER CK,POS,Melway,061C03
2022,2022,STUD/ACCESS,INT,Melway,
2023,2023,NEPEAN HWY/BRUCE,INT,Melway,151C8
2024,2024,SPRING BTW FLINDERS & FLINDERS LA,POS,Melway,
2025,2025,NEPEAN HWY/BALCOMBE G-SCHOOL ACC/BAY,INT,,
2026,2026,HOLLAND AVE NR BURWOOD HWY,POS,Melway,61 B5
2027,2027,BENTONS NEAR DUNNS,FLASH PX,,
2034,2034,BURKE NR PINE,POS,Melway,059H03
2040,2040,WILLIAMSONS/AQUARENA,INT,Melway,033E09
2041,2041,DONCASTER NR CENTREWAY,POS,Melway,046H02
2042,2042,HIGH ST/SUMMERHILL,INT,Melway,060C09
2043,2043,DONCASTER/WHITTENS,INT,Melway,047F01
2044,2044,DUNLOP NEAR FRANCIS,POS,Melway,60A11
2050,2050,MCINTYRE/WHITEHILL,INT,Melway,26H04
2051,2051,OLD CALDER HWY NR KENNEDY,POS,Melway,014H06
2052,2052,OLD CALDER HWY/GREEN GULLY[ST ALBANS],INT,Melway,014G05
2053,2053,MAIN ROAD WEST NR AMY,POS,Melway,025K01
2054,2054,MCINTYRE/MARKET ENT,INT,Melway,026G09
2055,2055,BAKER NR JOHNSON,FLASH PX,Melway,2H-D02
2056,2056,HIGHETT NR GARDNER,FLASH PX,Melway,044G09
2058,2058,MAIN ROAD WEST NR PENNELL,POS,Melway,025J01
2059,2059,CAIRNLEA/WOODBURN,INT,Melway,025H06
2100,2100,EASTERN/NICHOLSON/PRINCES,INT,Melway,2C-A04
21000,21000,TOORAK DYNAMIC FAIRWAY SYSTEM,O/H LANE,,
21001,21001,TOORAK NR MARNE (DYNAMIC FAIRWAY) E/B,O/H LANE,Melway,
21002,21002,TOORAK NR WALSH (DYNAMIC FAIRWAY) E/B,O/H LANE,Melway,
21003,21003,TOORAK NR CAROLINE STH (DYNAMIC FAIRWAY),O/H LANE,Melway,
21004,21004,TOORAK NR MYRTLE (DYNAMIC FAIRWAY W/B),O/H LANE,Melway,
21005,21005,TOORAK NR YARRA (DYNAMIC FAIRWAY) E/B,O/H LANE,Melway,
21006,21006,TOORAK NR CLAREMONT (DYNAMIC FAIRWAY) EB,O/H LANE,Melway,
21007,21007,TOORAK NR FOSTER (DYNAMIC FAIRWAY) W/B,O/H LANE,Melway,
21008,21008,TOORAK NR CLARA (DYNAMIC FAIRWAY) WB,O/H LANE,Melway,
21009,21009,TOORAK NR COMO (DYNAMIC FAIRWAY) EB,O/H LANE,Melway,
2101,2101,EASTERN HWY/QUEENS/BRUNSWICK,INT,Melway,2C-B04
21010,21010,TOORAK NR FULHAM (DYNAMIC FAIRWAY) EB,O/H LANE,Melway,
21011,21011,TOORAK NR TINTERN (DYNAMIC FAIRWAY) WB,O/H LANE,Melway,
21012,21012,TOORAK NR TINTERN (DYNAMIC FAIRWAY) WB,O/H LANE,Melway,
21013,21013,TOORAK NR WALLACE (DYNAMIC FAIRWAY) EB,O/H LANE,Melway,
21014,21014,TOORAK NR GRANGE (DYNAMIC FAIRWAY) EB,O/H LANE,Melway,
21015,21015,TOORAK NR KILSYTH (DYNAMIC FAIRWAY) WB,O/H LANE,Melway,
21016,21016,TOORAK NR ORRONG (DYNAMIC FAIRWAY) WB,O/H LANE,Melway,
2102,2102,EASTERN HWY NR NAPIER,POS,Melway,2C-C04
2103,2103,EASTERN HWY/SMITH,INT,Melway,2C-E04
2104,2104,EASTERN HWY/WELLINGTON,INT,Melway,2C-F05
2105,2105,EASTERN HWY NR GOLD,POS,Melway,2C-G05
2106,2106,EASTERN HWY/BRUNSWICK,INT,Melway,2C-B04
2107,2107,QUEENS/RUSHALL,INT,Melway,044D01
2108,2108,EASTERN HWY/GEORGE,INT,Melway,2C-D04
2109,2109,EASTERN NR YOUNG (WEST BOUND),POS,Melway,2C-C04
2110,2110,EASTERN NR GOLD (WEST BOUND),POS,Melway,2C-G05
2111,2111,MAIN NR DALTON,POS,Melway,021J08
2112,2112,MAIN NR BAYFIELD,POS,Melway,022D02
2145,2145,HUME HWY/GRASSLANDS,INT,Melway,
2146,2146,HUME HWY/MAJOR,INT,Melway,17G3
2147,2147,HUME HWY/AXIOM BUSINESS PARK DR,INT,Melway,007E01
2149,2149,HUME HWY/CAMPBELLFIELD SHOPPING CENTRE,INT,Melway,007G10
2150,2150,HUME HWY/BAKERS,INT,Melway,017H08
2151,2151,HUME HWY/SHORTS/KEADY,INT,Melway,017H07
2152,2152,HUME HWY NR MATHIESON,POS,Melway,017H06
2153,2153,HUME HWY/BOUNDARY/QUEENS,INT,Melway,017H06
2154,2154,HUME HWY NR LORNE,POS,Melway,017G05
2155,2155,HUME HWY/BOX FOREST,INT,Melway,017G02
2157,2157,HUME HWY/MAHONEYS/CAMP,INT,Melway,007G10
2158,2158,HUME HWY/SOMERSET,INT,Melway,007F07
2159,2159,HUME HWY/BARRY,INT,Melway,007F04
2160,2160,HUME HWY/ANDERSON,INT,Melway,007G11
2161,2161,HUME HWY/SOMERTON/COOPER,INT,Melway,180E09
2162,2162,HUME HWY/JUKES,INT,Melway,017G01
2163,2163,HUME HWY/LYNCH,INT,Melway,017G04
2164,2164,CRAIGIEBURN ROAD WEST NR BENSTON,POS,Melway,387C09
2165,2165,PEARCEDALE NR COLERAINE,POS,Melway,006G07
2166,2166,PASCOE VALE / GIRGARRE,INT,Melway,006J05
2167,2167,HUME/BOLINDA,INT,Melway,007F08
2168,2168,MAHONEYS/PIPEWORKS MARKET,INT,Melway,007J10
2169,2169,MICKLEHAM/BROADMEADOWS DEV,RBT MTR,Melway,005K08
2171,2171,BROADMEADOWS DEV/NTH CIRCULAR,INT,Melway,006B08
2172,2172,WESTERN RING/PASCOE VALE,INT,Melway,006G11
2173,2173,HUME/WESTERN RING ROAD,INT,Melway,007G11
2175,2175,MICKLEHAM/GARDEN,INT,Melway,005H10
2176,2176,BOUNDARY/PASCOE/WEST,INT,Melway,017B05
2177,2177,MELROSE/TRADE PARK,INT,Melway,5H11
2178,2178,HUME HWY/NORTHBOURNE,INT,Melway,180E11
2179,2179,HUME FWY/KINGSWOOD DR,INT,Melway,387C07
2180,2180,SOMERTON/ROXBURGH PARK SHOP CENTRE,INT,Melway,180A09
2181,2181,HUME HWY/AUSTRAK,INT,Melway,180E08
2182,2182,DONALD CAMERON/LINCOLN/THOMAS BRUNTON,INT,Melway,179K06
2183,2183,HUME HWY/STANLEY/STH PACIFIC TYRES,INT,Melway,180D05
2184,2184,HUME HWY/AMAROO/GRAND,INT,Melway,387C05
2185,2185,HUME HWY/CRAIGIEBURN,INT,Melway,387C09
2186,2186,AMAROO/CRAIGIEBURN BYPASS NB EXIT R,INT,Melway,387C05
2187,2187,HUME/MITRE 10 ENTRY,INT,Melway,07F09
2188,2188,SOMERTON/UNION,INT,Melway,180C09
2189,2189,SOMERTON/AUSTRAK,INT,Melway,180D09
2190,2190,MELROSE/APAC,INT,Melway,05D07
2191,2191,SYDNEY/LORNE,INT,Melway,
2192,2192,TULLA SB ENTRY/MELROSE/WIRRAWAY,POS,Melway,16B05
2193,2193,DONNYBROOK/HUME FWY NB RAMPS,INT,,
2194,2194,SOMERTON/PASCOE VALE,INT,Melway,
2198,2198,ARNOLD/SPRING,INT,Melway,
2199,2199,NELSON NR THAMES,FLASH PX,Melway,47C08
2200,2200,MAROONDAH/UNION,INT,Melway,046H08
2201,2201,MAROONDAH NR MARLBOROUGH,POS,Melway,046J08
2202,2202,MAROONDAH/HIGH,INT,Melway,046K09
2203,2203,MAROONDAH/ELGAR,INT,Melway,047B09
2204,2204,MAROONDAH/NELSON,INT,Melway,047C09
2205,2205,MAROONDAH NR MARKET,POS,Melway,047C09
2206,2206,MAROONDAH/STATION,INT,Melway,047D09
2207,2207,MAROONDAH/DORKING,INT,Melway,047E09
2208,2208,MAROONDAH/MIDDLEBOROUGH,INT,Melway,047G10
2209,2209,MAROONDAH/LINSLEY,INT,Melway,047E10
2210,2210,MAROONDAH NR WATTS,POS,Melway,047D09
2211,2211,STATION NR PAISLEY,POS,Melway,047D06
2212,2212,MAROONDAH HWY/MARKET ST/MURRAY PL,INT,Melway,049F09
2218,2218,STATION NR WOOD,FLASH PX,Melway,048F10
2219,2219,ELGAR NR MAROONDAH,POS,Melway,47B08
2293,2293,BAY STREET/ROUSE ST,INT,Melway,2J-D07
2294,2294,ALBERT/MSAC ACCESS ROAD EXIT,INT,Melway,2KC7
2295,2295,BRIDPORT NR MONTAGUE,POS,Melway,2K-A06
2297,2297,CARLISLE NR ST KILDA (LIBRARY),POS,Melway,058C11
2298,2298,JACKA BLVD NR  LWR ESPLANADE,POS,Melway,057K10
2299,2299,JACKA BLVD NTH LWR ESPLANADE,POS,Melway,057K10
2300,2300,ST KILDA/UNION,INT,Melway,058B07
2301,2301,NEPEAN(ST KILDA RD)/PUNT RD,INT,Melway,058B07
2302,2302,NEPEAN/FITZROY/WELLINGTON,INT,Melway,058B08
2303,2303,NEPEAN/BARKLY,INT,Melway,058B08
2304,2304,NEPEAN/ALMA,INT,Melway,058B09
2305,2305,NEPEAN/INKERMAN,INT,Melway,058C10
2306,2306,NEPEAN/CARLISLE,INT,Melway,058C11
2307,2307,NEPEAN NR DICKENS,POS,Melway,058C11
2308,2308,NEPEAN/CHAPEL,INT,Melway,058D11
2309,2309,NEPEAN NR MILTON,POS,Melway,058D12
2310,2310,NEPEAN/GLEN EIRA/BYRON,INT,Melway,067D01
2311,2311,BEACONSFIELD/COWDEROY,INT,Melway,057J08
2312,2312,NEPEAN/GLENHUNTLY/HOTHAM,INT,Melway,067E03
2313,2313,NEPEAN/RUSDEN,INT,Melway,067F04
2314,2314,NEPEAN NR SCOTT,POS,Melway,067E02
2315,2315,NEPEAN/MARTIN/GARDENVALE,INT,Melway,067G07
2316,2316,NEPEAN/NORTH,INT,Melway,067G07
2317,2317,NEPEAN/BAY/MILROY/HAMPTON,INT,Melway,067H09
2318,2318,BAY NR JACK,POS,Melway,077F11
2319,2319,NEPEAN/HAWTHORN,INT,Melway,067J11
2320,2320,NEPEAN/CENTRE,INT,Melway,067K12
2321,2321,NEPEAN/MARRIAGE/THOMAS,INT,Melway,077A01
2322,2322,NEPEAN/SOUTH,INT,Melway,077D04
2323,2323,NEPEAN/STATION/KEILLER,INT,Melway,077D05
2324,2324,NEPEAN/WICKHAM,INT,Melway,077F08
2325,2325,NEPEAN/HIGHETT/ROWANS,INT,Melway,077F09
2326,2326,NEPEAN/BAY/KAREN,INT,Melway,077H11
2327,2327,NEPEAN/CHESTERVILLE/CHARMAN,INT,Melway,086J01
2328,2328,NEPEAN/CENTRE DANDENONG,INT,Melway,086J01
2329,2329,NEPEAN/WARRIGAL/BALCOMBE,INT,Melway,087B06
2330,2330,NEPEAN/LWR DANDENONG,INT,Melway,087C06
2331,2331,NEPEAN/PARKERS/IMES,INT,Melway,087D08
2332,2332,NEPEAN/WHITE,INT,Melway,087E10
2333,2333,NEPEAN NR CENTREWAY,POS,Melway,092F01
2334,2334,NEPEAN NR STATION (CHELTENHAM),INT,Melway,086J02
2335,2335,NEPEAN NR ARNOT,POS,Melway,067J11
2336,2336,NEPEAN/DENDY,INT,Melway,077B02
2337,2337,NEPEAN/CUMMINS/PATTERSON,INT,Melway,077B02
2338,2338,NEW NR PARK,POS,Melway,067D11
2339,2339,NEPEAN/SOUTHLAND NTH ENT,INT,Melway,077H11
2340,2340,NEPEAN/SOUTHLAND SHOPPING,INT,Melway,077H11
2341,2341,BAY/CHELTENHAM MARKET,INT,Melway,077G11
2342,2342,MCDONALD NR NEPEAN,POS,Melway,087E12
2343,2343,NEPEAN NR TANTI,INT,Melway,104G12
2344,2344,CLAYTON NR SYLVANDER (FIRE STN),FIRE W/W,Melway,079B06
2345,2345,CENTRE DANDENONG NR NEPEAN,POS,Melway,086J01
2346,2346,MACKIE NR DEAKIN,POS,Melway,069C12
2347,2347,CENTRE NR LORANNE,POS,Melway,068D12
2348,2348,CHARMAN NR STATION,POS,Melway,086H02
2349,2349,CENTRE/MONASH MEDICAL CENTRE,INT,Melway,077K01
2350,2350,WICKHAM/BLUFF,INT,Melway,077A07
2351,2351,NEW/HEAD,INT,Melway,067E05
2352,2352,NEPEAN HWY NR LATROBE,POS,Melway,087A04
2353,2353,WHITE/TREEBY BUD,INT,Melway,087J11
2355,2355,WARRIGAL/COMO,RBT MTR,Melway,087B08
2356,2356,NEPEAN HWY NR OAK,INT,Melway,
2396,2396,WGF/TODD OB,RAMP MTR,,
2397,2397,KINGSWAY/SOUTHERN LINK,INT,Melway,2F-D11
2398,2398,SIR JOHN MONASH NR QUEENS,FLASH PX,Melway,068F01
2399,2399,TODD/TODD CONNECTION,RBT MTR,Melway,056F01
2400,2400,PHE/YORK,INT,Melway,2F-E12
2402,2402,PHE/WEST GATE FWY EXIT,INT,Melway,2F-E12
2403,2403,PHE/STURT,INT,Melway,2K-F01
2404,2404,PHE/PARK,INT,Melway,2K-G02
2405,2405,PHE/ALBERT,INT,Melway,2K-H03
2406,2406,PHE/QUEENS,INT,Melway,2K-J04
2407,2407,PHE/LORNE (X LAKESIDE),INT,Melway,2L-B11
2408,2408,PHE/UNION,INT,Melway,058A07
2409,2409,PHE/CHAPEL,INT,Melway,058D08
2410,2410,MARINE NR ELWOOD CANAL,POS,Melway,067A02
2411,2411,PHE/HOTHAM/WILLIAMS,INT,Melway,058F08
2412,2412,PHE/ORRONG,INT,Melway,058H09
2413,2413,PHE/KOOYONG,INT,Melway,058K09
2414,2414,PHE/GLENFERRIE/HAWTHORN,INT,Melway,059B10
2415,2415,PHE NR CARNARVON,POS,Melway,059C10
2416,2416,PHE/NORMANBY/STATION,INT,Melway,059C11
2417,2417,PHE/TOORONGA,INT,Melway,059D12
2418,2418,PHE/FINCH/DERBY,INT,Melway,068F01
2419,2419,PHE/BURKE/SIR JOHN MONASH DR,INT,Melway,068G01
2420,2420,PHE/GRANGE,INT,Melway,068G02
2421,2421,PHE/DARLING/KOORNANG,INT,Melway,068J03
2422,2422,PHE/MURRUMBEENA/BELGRAVE,INT,Melway,069A03
2423,2423,PHE NR SUTHERLAND,POS,Melway,069B03
2424,2424,PHE/POATH/CHADSTONE,INT,Melway,069D04
2425,2425,PHE/WARRIGAL,INT,Melway,069F06
2426,2426,PHE/ATKINSON,INT,Melway,069G06
2427,2427,PHE/FERNTREE GULLY,INT,Melway,069H06
2428,2428,PHE/ATHERTON/HUNTINGDALE,INT,Melway,069K08
2429,2429,PHE/CLAYTON,INT,Melway,070D11
2430,2430,PHE/NORTH/WELLINGTON,INT,Melway,070E11
2431,2431,PHE/BLACKBURN,INT,Melway,079G01
2432,2432,PHE/MCNAUGHTON,INT,Melway,079H02
2433,2433,PHE/WATTLETREE,INT,Melway,058J09
2434,2434,PHE/WAVERLEY,INT,Melway,068F01
2435,2435,PHE/SMITH/RAILWAY/NORMANBY,INT,Melway,068E01
2437,2437,PHE/CHADSTONE ENT 3,INT,Melway,069D04
2438,2438,PHE NR THE AVENUE,POS,Melway,058F08
2440,2440,QUEENS RD O'HEAD LANE CONTROL,O/H LANE,Melway,058A05
2441,2441,ORRONG NR AVALON,POS,Melway,58H08
2442,2442,KOORNANG/ARAWATTA,INT,Melway,
2443,2443,WGF/POWER OB,RAMP MTR,,
2444,2444,QUEENS RD O'HEAD S KINGSWAY    GANTRY 01,O/H LANE,Melway,057K02
2445,2445,QUEENS RD O'HEAD N ARTHUR      GANTRY 02,O/H LANE,Melway,057K03
2446,2446,QUEENS RD O'HEAD N LEOPOLD     GANTRY 03,O/H LANE,Melway,057K03
2447,2447,QUEENS RD O'HEAD N LOUISE      GANTRY 04,O/H LANE,Melway,058A04
2448,2448,QUEENS RD O'HEAD N ROY         GANTRY 05,O/H LANE,Melway,059A05
2449,2449,QUEENS RD O'HEAD N BEATRICE    GANTRY 06,O/H LANE,Melway,058A05
2450,2450,QUEENS RD O'HEAD S BEATRICE    GANTRY 07,O/H LANE,Melway,058A06
2451,2451,JOHNSTON ST O/H LANE W BEDFORD GANTRY 01,O/H LANE,Melway,2C-E11
2452,2452,JOHNSTON ST O/H LANE W BUDD    GANTRY 02,O/H LANE,Melway,2C-E07
2453,2453,JOHNSTON ST O/H LANE E BUDD    GANTRY 03,O/H LANE,Melway,2C-E07
2454,2454,JOHNSTON ST O/H LANE E WELLINGTON     04,O/H LANE,Melway,2C-F07
2455,2455,JOHNSTON ST O/H LANE E GOLD    GANTRY 05,O/H LANE,Melway,2C-F07
2456,2456,JOHNSTON ST O/H LANE W HARMSWORTH     06,O/H LANE,Melway,2C-G08
2457,2457,JOHNSTON ST O/H LANE W SYDNEY  GANTRY 07,O/H LANE,Melway,2C-H08
2458,2458,JOHNSTON ST O/H LANE E HODDLE  GANTRY 08,O/H LANE,Melway,2C-J08
2459,2459,JOHNSTON ST O/H LANE W PARK    GANTRY 09,O/H LANE,Melway,2C-J08
2460,2460,JOHNSTON ST O/H LANE E PARK    GANTRY 10,O/H LANE,Melway,2C-J08
2461,2461,JOHNSTON ST O/H LANE E RICH    GANTRY 11,O/H LANE,Melway,2C-K08
2462,2462,JOHNSTON ST O/H LANE E HUNTER  GANTRY 12,O/H LANE,Melway,2C-K08
2463,2463,JOHNSTON ST O/H LANE W TRENERRY       13,O/H LANE,Melway,2D-A08
2464,2464,JOHNSTON ST O/H LANE E TRENERRY       14,O/H LANE,Melway,2D-B08
2465,2465,JOHNSTON ST O/H LANE W CLARKE  GANTRY 15,O/H LANE,Melway,2D-B08
2466,2466,JOHNSTON ST O/H LANE E CLARKE  GANTRY 16,O/H LANE,Melway,2D-C08
2467,2467,QUEENS RD O'HEAD N LORNE       GANTRY 08,O/H LANE,Melway,058A06
2483,2483,CHADSTONE SHOPPING CENTRE WEST MALL,INT,,
2484,2484,GLENFERRIE NR JOHNSON,FLASH PX,Melway,045D09
2485,2485,GLENFERRIE NR GARDINER,POS,Melway,059C03
2486,2486,CHADSTONE SHOPPING CENTRE POS AT ENT 1,POS,Melway,069D04
2487,2487,PHE nr IRVING (LANSDOWNE),POS,Melway,058H08
2498,2498,PHW NR WALES,POS,Melway,41J6
2499,2499,SMITHFIELD/SPEAKMEN,INT,Melway,2TC5
2500,2500,RACECOURSE/SMITHFIELD,INT,Melway,042J01
2501,2501,PHW(SMITHFIELD)/EPSOM,INT,Melway,042J01
2502,2502,SMITHFIELD RD/GATEHOUSE DRIVE,INT,Melway,042H02
2503,2503,BALLARAT RD/MOORE,INT,Melway,042D03
2504,2504,PHW/WESTERN HWY,INT,Melway,042D03
2505,2505,PHW/DROOP,INT,Melway,042C03
2506,2506,PHW/BARKLY/VICTORIA,INT,Melway,042B04
2507,2507,PHW/GEELONG ST,INT,Melway,041K05
2508,2508,PHW/SOMERVILLE/ROBERTS,INT,Melway,041G07
2509,2509,PHW/MILLERS/FRANCIS,INT,Melway,041B09
2510,2510,PHW/MCDONALD,INT,Melway,041A09
2511,2511,PHW/BURGESS/OLD GEELONG,INT,Melway,040H10
2512,2512,PHW/GRIEVE,INT,Melway,040H10
2513,2513,PHW/LITTLE BOUNDARY,INT,Melway,040F11
2514,2514,SOMERVILLE/PARAMOUNT,INT,Melway,041E07
2515,2515,DROOP/DONALD,INT,Melway,042C04
2516,2516,DROOP NR FOOTSCRAY FIRE ST,FIRE W/W,Melway,042B03
2517,2517,WHITEHALL NR HALL,POS,Melway,042D09
2518,2518,SUNSHINE/ROBERTS,INT,Melway,041G04
2519,2519,PHW/CEMETERY,INT,Melway,041D08
2520,2520,ASHLEY ST/CENTRAL WEST PLAZA,INT,Melway,041E03
2521,2521,CHARLES ST NR VICTORIA ST,FLASH PX,Melway,2SB11
2522,2522,WEST GATE FWY/WILLIAMSTOWN RD O/B,RAMP MTR,,
2523,2523,WEST GATE FWY/MILLERS RD O/B,RAMP MTR,,
2524,2524,EPSOM NR BANGALORE,POS,Melway,042J02
2540,2540,PFW/PHW ENTRY RAMP O/B,RAMP MTR,,
2541,2541,WESTGATE FWY/GRIEVE I/B,RAMP MTR,,
2542,2542,WESTGATE FWY/MILLERS I/B,RAMP MTR,,
2546,2546,COBURNS RD BTW PERRY AND CARINA,POS,,
2548,2548,GOURLAY/HUME DRIVE,INT,,
2549,2549,AQUATIC NR ROSAMOND,FLASH PX,Melway,
2565,2565,WESTERN HWY/CHISHOLM DRIVE,INT,Melway,358J05
2566,2566,EPPING NR TAGGERTY,POS,,
2567,2567,TAYLORS/COPPERFIELD,INT,Melway,
2568,2568,O'HERNS/MILLAR/GREAT BROME,INT,,
2569,2569,BOORAN NR MARARA,POS,Melway,068D07
2570,2570,MOUNT DERRIMUT/AUSTRALIS,INT,Melway,
2571,2571,COMMERCIAL/LAKE,INT,Melway,356H09
2577,2577,FITZGERALD/ALLISON/DAVID,INT,Melway,039J02
2578,2578,AQUATIC DR NR ROSAMOND RD,FLASH PX,Melway,028A10
2579,2579,TAYLORS/KERRISON/REGAN,INT,Melway,
2580,2580,TAYLORS/EAST ESPLANADE,INT,Melway,
2581,2581,FITZGERALD/WRR IB RAMP,INT,Melway,039H03
2582,2582,GOURLAY NR COMMUNITY HUB,POS,Melway,
2583,2583,KINGS/WATERGARDENS ENTRANCE 4,INT,Melway,013F01
2584,2584,KINGS/WATERGARDENS ENTRANCE 5,INT,Melway,013F02
2585,2585,KINGS/HUME,INT,Melway,013F04
2586,2586,KINGS/GOLDSMITH,INT,Melway,013F05
2587,2587,KINGS/DELAHEY VILLAGE NORTH ENTRANCE,INT,Melway,013F08
2588,2588,OVERTON LEA NR COMMUNITY HUB,POS,Melway,013C01
2589,2589,HUME DRIVE/COPPERFIELD,INT,Melway,13D4
2590,2590,ELEANOR NR STANLAKE,FLASH PX,Melway,041K02
2591,2591,CAROLINE SPRINGS/COLLEGE,INT,Melway,356G10
2592,2592,KINGS/WATERGARDENS SHOP CENTRE ENT 3,INT,Melway,13F01
2593,2593,CAROLINE SPRINGS/LAKE,INT,Melway,356G10
2595,2595,MELTON HWY/GOURLAY RD,INT,Melway,354H11
2597,2597,MELTON HWY/CALDER PARK DRIVE,INT,Melway,003A11
2598,2598,MELTON HWY nr ARRAN,POS,Melway,003B11
2599,2599,MELTON HWY NR SYDENHAM,POS,Melway,003D11
2600,2600,WESTERN HWY NR TIERNAN,POS,Melway,042C02
2601,2601,WESTERN HWY/TIERNAN/HOADLEY,INT,Melway,042C02
2602,2602,WESTERN HWY/DROOP/FARNSWORTH,INT,Melway,042B02
2603,2603,WESTERN HWY/GORDON,INT,Melway,042A02
2604,2604,WESTERN HWY/ELEANOR,INT,Melway,041K01
2605,2605,WESTERN HWY/ROSAMOND/S'HILL,INT,Melway,041K01
2606,2606,WESTERN HWY/CHURCHILL,INT,Melway,027F11
2607,2607,WESTERN HWY/ASHLEY,INT,Melway,027F11
2608,2608,WESTERN HWY NR DARNLEY,POS,Melway,027C11
2609,2609,WESTERN HWY/DUKE,INT,Melway,027A10
2610,2610,WESTERN HWY/NORTHUMBERLAND,INT,Melway,026K10
2611,2611,WESTERN HWY NR WESTMORELAND,POS,Melway,026J10
2612,2612,WESTERN HWY/HAMPSHIRE,INT,Melway,026H10
2613,2613,WESTERN HWY/MCINTYRE/ANDERSON,INT,Melway,026G10
2614,2614,WESTERN HWY/STATION RD,INT,Melway,025E08
2615,2615,WESTERN HWY NR THOMSON,POS,Melway,027H12
2616,2616,WESTERN HWY/HOLT/G & F ENT,INT,Melway,026A08
2617,2617,WESTERN HWY NR MARCELLIN,POS,Melway,025D08
2618,2618,RALEIGH NR WESTS/TRAM CROSSING,INT,Melway,027K08
2619,2619,MONASH ST/DUKE/SOUTH,INT,Melway,041A01
2620,2620,CHURCHILL NR DOBSON,POS,Melway,041B01
2621,2621,MARKET/SOMERVILLE,INT,Melway,040J06
2622,2622,GLENGALA NR SIMMIE,POS,Melway,040E02
2623,2623,STATION/TILBURN,INT,Melway,025E10
2624,2624,ROSAMOND/HIGHPOINT CITY NORTH ENT,INT,Melway,027K09
2625,2625,ROSAMOND/HIGHPOINT CITY SHOP ENT,INT,Melway,027K09
2626,2626,RALEIGH/CLYDE,INT,Melway,28C08
2627,2627,WESTERN HWY/WESTERN RING ROAD,INT,Melway,025K08
2628,2628,WESTERN RING ROAD/SUNSHINE/MCINTYRE,INT,Melway,026H03
2629,2629,SUNSHINE AVE/MAIN ROAD EAST,INT,Melway,026H02
2630,2630,WRR/FITZGERALD (WESTERN RING RD),INT,Melway,039J04
2631,2631,WESTERN RING ROAD/BOUNDARY,INT,Melway,040C08
2632,2632,WESTERN NR GLENCAIRN   (FIRE STATION),FIRE W/W,Melway,025F08
2633,2633,TILBURN NR FITZGERALD,INT,Melway,025J11
2634,2634,MCINTYRE/SUFFOLK,INT,Melway,026H08
2635,2635,MONASH ST NR WHITTY,POS,Melway,040J01
2636,2636,MELTON HWY/VERONA DR,INT,Melway,013K01
2637,2637,MELTON HWY/PARMELIA DR,INT,Melway,013H01
2638,2638,MELTON HWY/KINGS RD,INT,Melway,003G12
2639,2639,MELTON HWY/SHOPPING CENTRE ENT 2,INT,Melway,003F12
2640,2640,MELTON HWY/MCCUBBIN DR/SHOP CENTRE ENT 1,INT,Melway,003E12
2641,2641,WESTERN HWY/HARVESTER RD,INT,Melway,026H10
2642,2642,ANDERSON RD/FOUNDRY RD,INT,Melway,026G10
2643,2643,DEVONSHIRE/HARVESTER RD,INT,Melway,026H12
2644,2644,MCINTYRE/PHOENIX,INT,,026H09
2645,2645,MELTON HWY/OVERTON LEA BLVD,INT,Melway,003C11
2646,2646,COBURNS/BARRIES,INT,Melway,336H10
2647,2647,BOUNDARY/PLUMMER/INDUSTRIAL DR,INT,Melway,040C08
2648,2648,HAMPSHIRE NR HARVESTER,FLASH PX,Melway,026H12
2649,2649,SHARPS/AIRPORT DR,INT,Melway,015F03
2650,2650,HIGH/PALMERSTON,INT,Melway,337B08
2651,2651,HIGH/O'NEILLS/STATION,INT,Melway,115A09
2652,2652,BOUNDARY RD / EAST OF MT DERRIMUT RD,INT,Melway,3.9E+09
2653,2653,HIGH/MELTON VALLEY DVE,INT,Melway,337D08
2654,2654,COBURNS/SHOP CENTRE ACCESS,INT,Melway,114J10
2655,2655,ROBINSONS/AUSTRALAND,INT,Melway,360K05
2656,2656,WESTERN HWY/WESTWOOD DRIVE,INT,Melway,025A06
2657,2657,HIGH NR PALMERSTON & ALEXANDRA,POS,Melway,337A08
2658,2658,WESTERN FWY/CHRISTIES/CAROLINE SPRING,INT,Melway,358G04
2659,2659,TAYLORS/CARBINE,INT,Melway,013K08
2660,2660,SOMERVILLE/MCDONALD,INT,Melway,041B07
2661,2661,COBURNS/RICHARD,INT,Melway,336H12
2662,2662,STATION/RICHARD,INT,Melway,336K12
2663,2663,BAY NR LIARDET,POS,Melway,057C03
2664,2664,RALEIGH/RANDALL,INT,Melway,028A08
2666,2666,WESTERN HWY/CAIRNLEA,INT,Melway,25J08
2667,2667,EAST ESPLANADE NR POWER,FLASH PX,Melway,013J09
2668,2668,BERKSHIRE/BUNNETT,INT,Melway,26K07
2669,2669,HIGH NR COBURNS,POS,Melway,336H09
2670,2670,FURLONG NR CAMPERDOWN,POS,Melway,026F06
2671,2671,FURLONG NR FORD,POS,Melway,026G06
2672,2672,MCKECHNIE BTN MARSDEN & ENA,FLASH PX,Melway,026A01
2673,2673,GLENGALA BTN SIMMIE & OLDFIELD,FLASH PX,Melway,040E02
2674,2674,FURLONG/CAIRNLEA,INT,Melway,25J5
2675,2675,FURLONG/BROWNE,INT,Melway,26B05
2676,2676,WESTWOOD DRV BTW ELLIOT CRT N LANDY CRT,POS,,
2677,2677,DUKE/SURREY,INT,Melway,27B07
2678,2678,ALFRIEDA NR MAIN EAST,FLASH PX,Melway,26A01
2679,2679,ROBINSONS/RIDING BOUNDARY,INT,Melway,358K11
2680,2680,CAROLINE SPRINGS/COMMERCIAL,INT,Melway,356H09
2681,2681,ROBINSONS/HATCHLANDS,INT,Melway,025A11
2682,2682,MT DERRIMUT/ PARAMOUNT BLVD,INT,Melway,390
2683,2683,HIGH/BARRIES,INT,Melway,336F09
2684,2684,SOUTH CENTRE/ANNANDALE/BELLATERRA,INT,Melway,015D02
2685,2685,SOMERVILLE/ALICK,INT,Melway,
2686,2686,BALLARTO/MCCORMICKS,INT,Melway,100K07
2687,2687,FRANKSTON-CRANBOURNE/BEACH,INT,Melway,102J03
2688,2688,ROBINSONS/CALARCO,INT,Melway,
2689,2689,BOUNDARY/FAIRBAIRN/LITTLE BOUNDARY,FIRE SIG,Melway,4E+09
2690,2690,ROBINSONS/WINDSOR,INT,Melway,
2691,2691,BALACLAVA NR LABASSA,POS,Melway,058J12
2692,2692,EPPING/HAYSTON/LYNDARUM,INT,Melway,
2693,2693,BALACLAVA NR EMPRESS,POS,Melway,058F11
2694,2694,FAIRBAIRN/INDUSTRIAL/NORTHERN ACCESS,INT,Melway,400000000
2695,2695,COOPER BTW DAVISSON/HOWARD,POS,Melway,182B12
2696,2696,WESTMORELAND BTW BALLARAT & PHOENIX,FLASH PX,Melway,026J10
2697,2697,WINDSOR/CAPESTHORNE/LENNON PARKWAY,INT,Melway,39B02
2698,2698,DALTON NR GUILA,POS,Melway,182C12
2699,2699,GLENGALA NR DINNELL,POS,Melway,040B01
2700,2700,FAIRBAIRN NR TALLINTYRE,POS,Melway,040E04
2701,2701,MELTON HWY/SUNSHINE AVE ROUNDABOUT,POS,Melway,014A02
2702,2702,WESTMORELAND NR SUFFOLK,POS,Melway,026J08
2703,2703,SOUTH NR MYAMYN,POS,Melway,041B02
2705,2705,ST ALBANS NR MULHALL,INT,Melway,026C05
2706,2706,STATION/BILLINGHAM,INT,Melway,025F05
2707,2707,HAMPSTEAD NR KEITH,POS,Melway,027G11
2708,2708,RIVER/GORDON,INT,Melway,028A11
2709,2709,DEVONSHIRE/CORNWALL,INT,Melway,026K12
2710,2710,MCDONALDS/OLEANDER/DANAHER,INT,Melway,183D11
2711,2711,DEVONSHIRE / WITHERS,INT,Melway,026H12
2712,2712,CORDITE/AMRL/WATERFORD GRN EST ENTRANCE,INT,Melway,027H08
2713,2713,MT DERRIMUT/FOLEYS,INT,Melway,
2714,2714,WESTERN HWY/ROBINSONS,INT,Melway,025A06
2715,2715,MILLEARA/KEILOR PARK EXTN,INT,Melway,015E12
2716,2716,CANNING/MILITARY,INT,Melway,027F08
2717,2717,MILLEARA NR KEILOR FIRE STN,FIRE W/W,Melway,015E12
2718,2718,MILLEARA/DENNIS/BRADMAN,INT,Melway,015E11
2719,2719,BUCKLEY/HOFFMANS,INT,Melway,028A04
2720,2720,KEILOR/MATTHEWS,INT,Melway,016A11
2721,2721,TAYLORS/KEILOR DOWNS S/C EAST ENT,INT,Melway,014C09
2722,2722,GREEN GULLY(ST ALBANS)/SUNSHINE/TAYLORS,INT,Melway,014D09
2723,2723,FULLARTON/MOORNA/CALDER FWY,INT,Melway,015F09
2724,2724,MILLEARA/DINAH/STERLING,INT,Melway,015E12
2726,2726,MILLEARA/BUCKLEY,INT,Melway,027E03
2727,2727,KEILOR NR BIRDWOOD,POS,Melway,016B11
2728,2728,KINGS/GILLESPIE,INT,Melway,013G10
2729,2729,MAIN ROAD EAST / GRANTHAM PDE,INT,Melway,026F02
2730,2730,CALDER HWY/KEILOR PARK DVE,INT,Melway,015B08
2731,2731,KEILOR PARK DVE/FULLARTON RD,INT,Melway,015B08
2732,2732,KEILOR PARK DVE/CALDER FWY I/B ON/OFF,INT,Melway,015B08
2733,2733,KEILOR PARK DVE / CALDER FWY O/B ON/OFF,INT,Melway,015B08
2734,2734,ARTHUR/TAYLORS,INT,Melway,014C09
2735,2735,SUNSHINE/CALVERTON,INT,Melway,014E11
2736,2736,GREEN GULLY(ST ALBANS)/DRISCOLLS,INT,Melway,014E08
2737,2737,MILITARY/TEMPLEWOOD,INT,Melway,027E06
2738,2738,KEILOR PARK DRIVE/THE LINK,INT,Melway,015C06
2740,2740,NORMANBY NR QUEENS/CAULFIELD RACECOURSE,POS,Melway,068F02
2741,2741,SUNSHINE/COPERNICUS WAY,INT,Melway,014C07
2742,2742,GLENHUNTLY NR MANCHESTER,POS,Melway,068E04
2743,2743,CALDER FREEWAY OFF RAMP/MCNAMARA,RBT MTR,Melway,015J10
2744,2744,KOOYONG NR HARTINGTON,POS,Melway,067J05
2745,2745,KOORNANG/ROSSTOWN,INT,Melway,068J04
2746,2746,NEERIM/QUEENS,INT,Melway,068F04
2748,2748,BALACLAVA/BAMBRA,INT,Melway,
2749,2749,SHARPS RD/SCHIAVELLO ENTRANCE,INT,Melway,015J03
2750,2750,ST ALBANS ROAD NR DEBENHAM DR,POS,,026B03
2754,2754,NEERIM NR AMES,POS,Melway,068K05
2755,2755,BOORAN NR MIRIAM,POS,Melway,068D03
2757,2757,NEERIM NR TRUGANINI,POS,Melway,068H04
2758,2758,NEERIM NR HOBART,FLASH PX,Melway,069A05
2759,2759,SIR JOHN MONASH NR DERBY,FLASH PX,Melway,068E01
2760,2760,PLENTY/DALY,INT,Melway,009J12
2761,2761,STATION NR CEDAR,POS,Melway,008J07
2762,2762,KINGS RD/WELLESLEY DV/PALMERSTON CR,INT,,
2763,2763,PLENTY/CHILDS,INT,Melway,010B05
2764,2764,PLENTY/MCLEANS/MILTON,INT,Melway,009K11
2765,2765,SETTLEMENT/WOOD,INT,Melway,009C11
2766,2766,EDGARS/VICTORIA,INT,Melway,008F08
2767,2767,MCKIMMIES NR CANBERRA,POS,Melway,009E06
2768,2768,DALTON/DAREBIN/ALEXANDER,INT,Melway,009C08
2769,2769,SETTLEMENT/GREENHILLS,INT,Melway,009F11
2770,2770,MAHONEYS/INDUSTRIAL,INT,Melway,008A11
2771,2771,MCDONALDS NR DERBY,POS,Melway,182E10
2772,2772,CHILDS/STABLES SHOPPING CENTRE,INT,Melway,009J04
2773,2773,HIGH/MEMORIAL,INT,Melway,182B10
2774,2774,KINGSWAY NR LYNDON,POS,Melway,008J03
2775,2775,DAVISSON NR WEDGE,POS,Melway,182C11
2776,2776,CHILDS NR BEAUMONT,POS,Melway,009D02
2777,2777,CHILDS NR SUPPLY,FIRE W/W,Melway,009B02
2778,2778,SETTLEMENT/BROWNHILL,INT,Melway,009J12
2779,2779,CHILDS/REDLEAP,INT,Melway,009K04
2780,2780,BUCKLEY NR PHW,FLASH PX,Melway,041K05
2781,2781,GORDON / EDGEWATER / MITCHELL,INT,Melway,028A12
2782,2782,MOORE/DONALD,INT,Melway,042D04
2783,2783,VICTORIA/PAISLEY,INT,Melway,042B04
2784,2784,PAISLEY NR FRENCH,POS,Melway,042B04
2785,2785,HIGH ST NR COULSTOCK,POS,Melway,182B11
2786,2786,FRENCH/BARKLY,INT,Melway,042C04
2787,2787,COOPER/MILLER/EPPING PLAZA SHOP C ACC 4,INT,Melway,181K12
2788,2788,EDGARS/COMALCO ACCESS,INT,Melway,008F10
2789,2789,WESTERN RING ROAD/EDGARS,INT,Melway,008F09
2790,2790,PLENTY NR LAUREL  (WHITTLESEA),POS,Melway,246F09
2791,2791,KEILOR NR COOPER,POS,Melway,016C12
2792,2792,DALTON NR DAVID,POS,Melway,009C05
2794,2794,MCDONALDS NR CIVIC,POS,Melway,183A11
2795,2795,MILITARY NR RIVERSIDE,POS,Melway,027E08
2796,2796,SETTLEMENT/NORTHGATE,INT,Melway,009E11
2797,2797,PLENTY NR MAYFIELD,POS,Melway,010B06
2798,2798,MILLEARA/THE CROSSWAY,INT,Melway,027E02
2799,2799,AMIS BTN VISTA & BUCKLEY,FLASH PX,Melway,027E02
2808,2808,CHILDS RD/PRINCE OF WALES AVE,INT,Melway,009G03
2809,2809,CHILDS RD/BETULA AVE,INT,Melway,009K04
2810,2810,MAIN NR LANTANA AVE,POS,Melway,008G07
2811,2811,COOPER/TIP ACCESS RD,INT,Melway,181A10
2812,2812,COOPER/GATEWAY BLVD,INT,Melway,181F11
2813,2813,COOPER/FREIGHT/REX,INT,Melway,180H10
2814,2814,COOPER/EDGARS,INT,Melway,181H11
2815,2815,CRAIGIEBURN BYPASS/COOPER,INT,Melway,181D11
2816,2816,DIAMOND CREEK RD/GREENSBOROUGH HWY/CIVIC,RBT MTR,Melway,011B10
2817,2817,KEILOR PARK/GYMKHANA,INT,Melway,15B6
2818,2818,COOPER/SCANLON,INT,Melway,181E11
2819,2819,CRAIGIEBURN BYPASS/CRAIGIEBURN RD EAST,INT,Melway,387F10
2820,2820,CHANDLER HWY/PRINCESS ST,INT,Melway,045C02
2821,2821,CHANDLER HWY/EAST FWY WB,INT,Melway,045C02
2822,2822,CHANDLER HWY/EAST FWY E ON,INT,Melway,045B02
2823,2823,CHANDLER HWY/EAST FWY E OFF,INT,Melway,045B02
2824,2824,CHANDLER HWY NR YARRA BLVD,POS,Melway,045B01
2825,2825,EASTERN/BURKE ON RAMP,INT,Melway,031K12
2826,2826,BURKE/OLD BURKE/BOULEVARD,INT,Melway,031K12
2827,2827,EASTERN FWY/BULLEEN/THOMPSONS,INT,Melway,032D11
2828,2828,EASTERN FWY/DONCASTER,INT,Melway,046K01
2829,2829,DONCASTER/GREYTHORN,INT,Melway,046H01
2830,2830,DONCASTER/HIGH,INT,Melway,046K01
2831,2831,EASTERN/BURKE OFF RAMP           DD 2825,INT,Melway,031K12
2832,2832,EASTERN/BULLEEN OFF RAMP         DD 2827,INT,Melway,032D11
2833,2833,EASTERN FWY/BURKE,RAMP MTR,,
2834,2834,CRAIGIEBURN/BRIDGEWATER,INT,Melway,386K09
2835,2835,SPENCER/LITTLE COLLINS,INT,Melway,2FA06
2838,2838,COOPER/METROLINK CIRCUIT,INT,Melway,
2839,2839,CAMBERWELL NR EVANS,POS,Melway,045J12
2841,2841,MONASH ENTRY RAMP/BARKLY/GIBDON      VM5,INT,Melway,2H-F12
2842,2842,POWER NR LISSON,POS,Melway,045B11
2843,2843,MONASH/TOORAK/AUBURN          RAMP SIGNS,INT,Melway,059E04
2845,2845,MONASH/BURKE,INT,Melway,059H07
2846,2846,MONASH/HIGH/WILLS,INT,Melway,059J08
2847,2847,TOORAK/AUBURN,INT,Melway,059E04
2848,2848,AUBURN NR BURGESS,POS,Melway,059E03
2850,2850,WESTERN FWY/ROBINSONS,INT,Melway,
2851,2851,TULLAMARINE FWY LANE SIGNALS (NR CALDER),O/H LANE,Melway,016A08
2852,2852,BARRYMORE NR ELGIN,POS,Melway,179B11
2854,2854,MICKLEHAM/BARRYMORE,INT,Melway,005J01
2855,2855,GLADSTONE PARK NR BELMONT,FLASH PX,Melway,005K10
2856,2856,PASCOE VALE NR CHILWELL,POS,Melway,006J02
2857,2857,MICKLEHAM/ALANBRAE/CAMBRIDGE,INT,Melway,005K05
2858,2858,MICKLEHAM/FAWKNER,INT,Melway,005K07
2860,2860,TULLAMARINE FWY/FLEMINGTON/BOUNDARY,INT,Melway,2A-E01
2861,2861,TULLAMARINE/ORMOND/BRUNSWICK,INT,Melway,029B09
2862,2862,TULLAMARINE/MORELAND/COONANS,INT,Melway,029A03
2863,2863,TULLAMARINE/PASCOE VALE/LOEMAN,INT,Melway,016J10
2864,2864,TULLAMARINE/ENGLISH/MATTHEWS,INT,Melway,016B08
2865,2865,MATTHEWS/DROMANA,INT,Melway,016A05
2866,2866,MATTHEWS NR MASCOMA,INT,Melway,016A04
2867,2867,MELROSE/MALVERN/EXIT RAMP/CATERPILLAR,INT,Melway,016A03
2868,2868,TULLAMARINE/MICKLEHAM,INT,Melway,005J10
2869,2869,MICKLEHAM/RYLANDES/WESTERN,INT,Melway,005K09
2870,2870,ORMOND/MYRNONG/PATTISON,INT,Melway,029A09
2871,2871,MICKLEHAM/GLADSTONE PARK/INTERNATIONAL,INT,Melway,005J10
2872,2872,MICKLEHAM NR TANGEMERE,POS,Melway,005J12
2873,2873,MELROSE/SHARPS/ENT RAMP,INT,Melway,015K03
2874,2874,MATTHEWS NR VICTORY,POS,Melway,016B06
2875,2875,SUNSHINE NR FOX,POS,Melway,014E10
2876,2876,WESTERN HWY/CORNWALL,INT,Melway,026K10
2877,2877,TAYLORS/KEILOR DOWNS S/C WEST ENT,INT,Melway,014B09
2878,2878,KEILOR PARK EXT/NB ON-OFF RAMPS,INT,Melway,015B11
2879,2879,KEILOR PARK/SLATER/SB ON-RAMP,INT,Melway,015C11
2880,2880,WESTGATE FWY/WILLIAMSTOWN RD,INT,Melway,041J11
2881,2881,WESTGATE FWY/MILLERS,INT,Melway,041B11
2882,2882,MILLERS/DUOSA/MARIGOLD,INT,Melway,041B11
2883,2883,WESTGATE FWY/GRIEVE,INT,Melway,040G12
2884,2884,MATTHEWS NR HART,POS,Melway,016A09
2886,2886,WESTGATE FWY EB/LORIMER,INT,Melway,2E-G10
2887,2887,WILLIAMSTOWN/TODD,INT,Melway,056G02
2888,2888,LORIMER/GRAHAM,INT,Melway,042K10
2890,2890,MATTHEWS NR FULLARTON,POS,Melway,016A10
2891,2891,SUNSHINE/APOLLO,INT,Melway,014B03
2892,2892,SUNSHINE/ODESSA,INT,Melway,014B05
2893,2893,MILLERS/BEURON,INT,Melway,041B12
2894,2894,MICKLEHAM/DPI DRIVEWAY,INT,Melway,5K03
2895,2895,TULLAMARINE FWY/BULLA WB EXIT RAMP,INT,Melway,16D11
2896,2896,PLUMMER/SALMON,INT,Melway,
2897,2897,PLUMMER/PROHASKY,INT,Melway,
2898,2898,TODD OFF RAMP/PROHASKY/SERVICE CENTRE,INT,Melway,
2899,2899,EASTERN FWY/DONCASTER RAMP I/B,RAMP MTR,,
2900,2900,SPENCER/LITTLE BOURKE,INT,Melway,2E-K05
2901,2901,SPRING/LONSDALE,INT,Melway,2F-J01
2902,2902,EXHIBITION/LONSDALE,INT,Melway,2F-H01
2903,2903,RUSSELL/LONSDALE,INT,Melway,2F-G02
2904,2904,SWANSTON/LONSDALE,INT,Melway,2F-F02
2905,2905,LONSDALE NR FRANCIS,POS,Melway,2F-E02
2906,2906,ELIZABETH/LONSDALE,INT,Melway,2F-D02
2907,2907,QUEEN/LONSDALE,INT,Melway,2F-C03
2908,2908,WILLIAM/LONSDALE,INT,Melway,2F-B03
2909,2909,KING/LONSDALE,INT,Melway,2F-A04
2910,2910,SPENCER/LONSDALE,INT,Melway,2E-K04
2911,2911,EXHIBITION/LITTLE LONSDALE,INT,Melway,2F-H01
2912,2912,RUSSELL/LT LONSDALE,INT,Melway,2F-F01
2913,2913,SWANSTON/LITTLE LONSDALE ST,INT,Melway,2F-E02
2914,2914,ELIZABETH/LITTLE LONSDALE ST,INT,Melway,2F-D02
2915,2915,QUEEN/LITTLE LONSDALE,INT,Melway,2F-C02
2916,2916,WILLIAM/LITTLE LONSDALE,INT,Melway,2F-B03
2917,2917,KING/LITTLE LONSDALE,INT,Melway,2F-A03
2918,2918,VICTORIA/LATROBE,INT,Melway,2B-H12
2919,2919,EXHIBITION/LATROBE,INT,Melway,2B-G12
2920,2920,RUSSELL/LATROBE,INT,Melway,2F-F01
2921,2921,SWANSTON/LATROBE ST,INT,Melway,2F-E01
2922,2922,ELIZABETH/LATROBE ST,INT,Melway,2F-D01
2923,2923,QUEEN/LATROBE,INT,Melway,2F-C02
2924,2924,WILLIAM/LATROBE,INT,Melway,2F-B02
2925,2925,KING/LATROBE,INT,Melway,2F-A03
2926,2926,SPENCER/LATROBE,INT,Melway,2E-K03
2927,2927,KINGSWAY NR YARRA RIVER,POS,Melway,2F-B07
2929,2929,KING / FLINDERS ST,INT,Melway,2F-B07
2931,2931,FLINDERS/WELLINGTON PDE STH,INT,Melway,2F-K04
2932,2932,WELLINGTON/SPRING/FLINDERS,INT,Melway,2F-K04
2933,2933,VICTORIA/CLARENDON,INT,Melway,2GD01
2934,2934,WELLINGTON/JOLIMONT,INT,Melway,2G-B05
2935,2935,Lonsdale St nr Swanston St,POS,Melway,1F-M03
2936,2936,ST KILDA NR SOUTHBANK BLVD (NOLAN),POS,Melway,2F-H08
2937,2937,DRYBURGH/QUEENSBERRY,INT,Melway,2A-F09
2939,2939,RACECOURSE/NEWMARKET,INT,Melway,042K01
2940,2940,NORMAN NR SEDDON,POS,Melway,031F08
2941,2941,ROSANNA/STATION,INT,Melway,032B01
2942,2942,UPR HEIDELBERG NR KENILWORTH,POS,Melway,031E08
2943,2943,LIVINGSTONE NR WATERDALE,FLASH PX,Melway,031E07
2944,2944,UPPER HEIDELBERG/BELL ENT. RAMP,INT,Melway,031J04
2945,2945,PLENTY/CENTENARY/UNIVERSITY,INT,Melway,010C01
2946,2946,BELL NR ORIEL & PLUNKETT,POS,Melway,031F03
2947,2947,WATERDALE/ALTONA,INT,Melway,031G01
2948,2948,ORIEL NR FORD,POS,Melway,031D06
2949,2949,UPPER HEIDELBERG/KIERNAN,INT,Melway,3100000000
2950,2950,FLINDERS LANE nr KING ST,FLASH PX,Melway,2FB06
2951,2951,BOURKE/AURORA,INT,Melway,2EJ06
2952,2952,MONASH/HIGH IB,RAMP MTR,,
2953,2953,MONASH/TOORAK OB,RAMP MTR,,
2954,2954,MONASH/TOORAK IB,RAMP MTR,,
2955,2955,HUNTINGDALE NR HUME,POS,Melway,069J11
2956,2956,SPRINGVALE BY-PASS/CENTRE,INT,Melway,079H04
2957,2957,ATHERTON/STATION,INT,Melway,069F07
2958,2958,HUNTINGDALE/BURLINGTON,INT,Melway,069K08
2959,2959,ATHERTON NR REGENT (OAK FIRE STATION),FIRE W/W,Melway,069G07
2960,2960,CENTRE/SPRINGS,INT,Melway,079A03
2961,2961,CENTRE/COOKE,INT,Melway,079C03
2962,2962,MONASH/BURKE IB,RAMP MTR,,
2963,2963,MONASH/BURKE OB,RAMP MTR,,
2964,2964,COOPER/WILLANDRA,INT,Melway,181H11
2965,2965,HIGH NR SMITH,POS,Melway,
2967,2967,WATERVIEW/CENTRAL,INT,,
2968,2968,MILLERS BTW PRIMULA & CYPRESS,POS,Melway,041B11
2970,2970,VICTORIA/WESTGARTH/JEFFREY,INT,Melway,030H11
2971,2971,VICTORIA NR CLARENDON,POS,Melway,030J05
2972,2972,VICTORIA NR CLARKE,POS,Melway,030H10
2973,2973,VICTORIA NR MITCHELL,POS,Melway,030H09
2975,2975,SEPARATION STREET NR BURT STREET,POS,Melway,030G08
2978,2978,MCDONALDS RD NR MEADOW GLEN DRV,POS,,
2980,2980,ORRONG/ST GEORGES,INT,Melway,2M-H02
2981,2981,WILLIAMS NR CASSELL,POS,Melway,2M-C08
2982,2982,TOORAK/RIVER,INT,Melway,2L-K05
2983,2983,COMMERCIAL/BALMORAL,INT,Melway,2L-G09
2984,2984,MALVERN NR WESTBOURNE,POS,Melway,058G05
2985,2985,PHE NR CLOSEBURN,POS,Melway,058G08
2986,2986,WILLIAMS NR MURRAY,POS,Melway,2M-B11
2987,2987,TOORAK/PARK,INT,Melway,2L-C04
2988,2988,LANSDOWNE/ST ANDREWS PL,POS,Melway,2G-A02
2989,2989,KAVANAGH BTW POWER & SOUTHBANK,FLASH PX,Melway,1DQ06
2990,2990,MCG ACCESS/BRUNTON,INT,Melway,2GC07
2999,2999,BARKLY NR SHELLEY,POS,Melway,67A02
3000,3000,BARKERS NR FINDON,POS,Melway,045A09
3001,3001,BARKERS/CHURCH/HIGH,INT,Melway,045A08
3002,3002,BARKERS/DENMARK/POWER,INT,Melway,045B08
3003,3003,BARKERS/GLENFERRIE,INT,Melway,045D08
3004,3004,BARKERS/AUBURN/WRIXON,INT,Melway,045F08
3005,3005,BARKERS NR KILDARE,POS,Melway,045H09
3007,3007,WILLSMERE NR EARL,FLASH PX,Melway,045D03
3008,3008,KILBY NR BELFORD,FLASH PX,Melway,045G02
3009,3009,ORMOND ESP NR PINE,POS,Melway,067C04
3010,3010,BEACONSFIELD/BEACH/PICKLES,INT,Melway,2J-F09
3011,3011,BEACONSFIELD NR VICTORIA,POS,Melway,2J-H10
3012,3012,BEACONSFIELD/KERFORD,INT,Melway,2J-K11
3013,3013,THE ESPLANADE NR POLLINGTON,POS,Melway,
3014,3014,BEACONSFIELD NR MCGREGOR,POS,Melway,057H07
3016,3016,FITZROY/JACKA/ESPLANADE,INT,Melway,057K09
3017,3017,ST KILDA NR ARGYLE,POS,Melway,058C09
3018,3018,MARINE/CAVELL,INT,Melway,058A11
3019,3019,MARINE/BARKLY/GLENHUNTLY,INT,Melway,067A02
3020,3020,ORMOND ESP NR BYRNE,POS,Melway,067B03
3021,3021,ORMOND ESP/ELWOOD BEACH CAR,INT,Melway,067C04
3022,3022,ORMOND ESP/ST KILDA/HEAD,INT,Melway,067D05
3023,3023,ST KILDA ST/MARTIN,INT,Melway,067D06
3024,3024,NORTH RD/ST KILDA ST,INT,Melway,067D07
3025,3025,ST KILDA ST/BAY,INT,Melway,067C08
3026,3026,ST KILDA ST/GROSVENOR,INT,Melway,067C10
3027,3027,DENDY/ESPLANADE,INT,Melway,076C01
3028,3028,SOUTH/BEACH,INT,Melway,076C03
3029,3029,BEACH NR SMALL,POS,Melway,076F06
3030,3030,BEACH/HAMPTON/BRIDGE,INT,Melway,076F07
3031,3031,BEACH NR MELROSE,POS,Melway,076G09
3032,3032,BAY/BEACH,INT,Melway,076G10
3033,3033,BEACH NR BAYVIEW,POS,Melway,085J02
3034,3034,BEACH NR TRAMWAY PDE,POS,Melway,086D09
3035,3035,BEACH NR NAPLES,POS,Melway,086K08
3036,3036,BEACH/CENTREWAY,INT,Melway,092E01
3037,3037,BEACH NR BLUFF,POS,Melway,085J04
3038,3038,BEACONSFIELD NR MILLS,POS,Melway,2K-A12
3039,3039,BEACH NR PRINCES,FLASH PX,Melway,2J-B07
3040,3040,BEACH NR HERBERT,POS,Melway,087C11
3041,3041,BELL/TURNER,INT,Melway,017D11
3042,3042,BELL/ALVA,INT,Melway,017K12
3043,3043,BEACH NR BAY & HIGH,POS,Melway,087D12
3044,3044,BUCKLEY NR BATMAN,POS,Melway,028B04
3045,3045,CHESTER nr EATON,POS,Melway,069F07
3046,3046,PORTMAN nr EATON,POS,Melway,069F07
3047,3047,BUCKLEY/DICKSON,INT,Melway,027H03
3048,3048,BELL/ELIZABETH,INT,Melway,018A12
3050,3050,BELL/CUMBERLAND,INT,Melway,017B11
3051,3051,BELL/REYNOLDS,INT,Melway,017C11
3052,3052,BELL/MELVILLE/TURNER,INT,Melway,017D11
3053,3053,BELL/SUSSEX,INT,Melway,017D12
3054,3054,SYDNEY/BELL,INT,Melway,017H12
3055,3055,BELL/ELM,INT,Melway,017J12
3056,3056,BELL/NICHOLSON/ELIZABETH,INT,Melway,018A12
3057,3057,BELL NR JESSIE,POS,Melway,030E01
3058,3058,BELL/GILBERT,INT,Melway,030D01
3059,3059,BELL/ST GEORGES,INT,Melway,030E01
3060,3060,BELL/HIGH,INT,Melway,030G01
3061,3061,BELL/PLENTY,INT,Melway,030G01
3063,3063,BELL/VICTORIA,INT,Melway,030K02
3064,3064,BELL/ALBERT,INT,Melway,031A02
3065,3065,BELL/CHIFLEY,INT,Melway,031C02
3066,3066,BELL/ORIEL NTH,INT,Melway,031E02
3067,3067,BELL/WATERDALE,INT,Melway,031F03
3068,3068,BELL/EDWIN,INT,Melway,031G03
3069,3069,BELL/BURGUNDY/UPR HEIDELBERG,INT,Melway,031J04
3070,3070,BURGUNDY/HAWDON,INT,Melway,032A04
3071,3071,BURGUNDY/CAPE,INT,Melway,032A04
3072,3072,BURGUNDY/ROSANNA/LWR H'BERG,INT,Melway,032B04
3073,3073,WATERDALE NR RAMU,POS,Melway,019G11
3074,3074,SUSSEX/O'HEA,INT,Melway,017D11
3075,3075,BELL NR ALICE,POS,Melway,017F12
3076,3076,BELL/HUDSON/MAIN,INT,Melway,017G12
3077,3077,BELL/ORIEL STH,INT,Melway,031E02
3078,3078,BALCOMBE BETWEEN BLUFF AND EBDEN,POS,Melway,85K04
3079,3079,UPPER HEIDELBERG NR IVANHOE,POS,Melway,031F07
3080,3080,EAST ST NR MIDDLE ST (FITZROY ST),POS,Melway,017E04
3081,3081,PLENTY/RAGLAN,INT,Melway,030G02
3082,3082,PENTRIDGE NR ACCESS ROAD,POS,Melway,17J11
3083,3083,BELL NR GILMOUR (UPFIELD RAILWAY),POS,Melway,17H12
3084,3084,ST GEORGES NR SHOWER,POS,Melway,30E02
3085,3085,CANTERBURY/RAMSAY,INT,Melway,64H01
3086,3086,PENTRIDGE/STOCKADE,INT,Melway,17J11
3087,3087,BEACH NR RESERVE,POS,Melway,86C08
3088,3088,POINT COOK NR JAMIESON,POS,Melway,
3089,3089,BELL/BREARLEY RESERVE(NTH SEWER PROJECT),INT,Melway,
3090,3090,BURGUNDY/MOUNT,INT,,
3091,3091,BELL/THE BELL CENTRE ACCESS,INT,Melway,
3092,3092,BLUFF BETWEEN BALCOMBE AND KARRAKATTA,POS,Melway,85K4
3093,3093,"BEACH RD - NEW ST, BAYSIDE",POS,Melway,76 D4
3097,3097,RAILWAY NR CYRIL,POS,Melway,089J05
3099,3099,BLUFF/LUDSTONE STREET,INT,Melway,077A05
3100,3100,BLUFF NR APEX,POS,Melway,077A06
3101,3101,BLUFF/HIGHETT,INT,Melway,077A08
3102,3102,BAY/BLUFF,INT,Melway,077A10
3103,3103,BLUFF NR ARKARINGA,POS,Melway,085K02
3104,3104,BEACH NR ORLANDO,POS,Melway,076E05
3106,3106,BLUFF NR ABBOTT,POS,Melway,077A09
3107,3107,HIGHETT NR RAILWAY,POS,Melway,077F09
3108,3108,HEATHERTON NR JAMES COOK,POS,Melway,091B04
3109,3109,BRUNSWICK NR WATSON,POS,Melway,029G10
3110,3110,BRUNSWICK/FLEMING,INT,Melway,029D09
3111,3111,BRUNSWICK/GRANTHAM,INT,Melway,029D09
3112,3112,SYDNEY/BRUNSWICK,INT,Melway,029G10
3113,3113,BRUNSWICK/LYGON,INT,Melway,029J10
3114,3114,BRUNSWICK NR RATHDOWNE,POS,Melway,029K10
3115,3115,BRUNSWICK/NICHOLSON/HOLDEN,INT,Melway,030A10
3116,3116,NICHOLSON NR PARK,POS,Melway,030A10
3117,3117,NORMANBY AV/LEINSTER GVE,INT,Melway,030C05
3118,3118,BRUNSWICK/GIBSON,INT,Melway,29B09
3119,3119,MIDDLEBOROUGH/CLARICE,INT,Melway,61F02
3120,3120,BURKE/CANTERBURY,INT,Melway,045J10
3121,3121,CANTERBURY NR LOCH,POS,Melway,045K10
3122,3122,CANTERBURY/STANHOPE,INT,Melway,046A10
3123,3123,CANTERBURY NR MANGARRA,POS,Melway,046B10
3124,3124,CANTERBURY NR CHAUCER,POS,Melway,046B10
3125,3125,CANTERBURY/UNION,INT,Melway,046H11
3126,3126,CANTERBURY/WARRIGAL,INT,Melway,046H11
3127,3127,CANTERBURY/BALWYN,INT,Melway,046D11
3128,3128,CANTERBURY NR ROCHESTER,POS,Melway,046D11
3129,3129,CANTERBURY NR KENNEALY,POS,Melway,046F11
3130,3130,CANTERBURY/ELGAR,INT,Melway,047A12
3131,3131,CANTERBURY/STATION,INT,Melway,047C12
3132,3132,CANTERBURY/MIDDLEBOROUGH,INT,Melway,047G12
3133,3133,CANTERBURY NR GIBSON,POS,Melway,047C12
3134,3134,STATION NR KENT,POS,Melway,047D11
3135,3135,MONT ALBERT NR LEOPOLD,POS,Melway,046J10
3136,3136,MIDDLEBOROUGH/LEXTON,INT,Melway,047H08
3137,3137,CANTERBURY NR CLYDESDALE,POS,Melway,047E12
3138,3138,CANTERBURY/SURREY DVE,INT,Melway,047B12
3139,3139,CENTRE DANDENONG/DFO ACCESS RD,INT,Melway,087F03
3140,3140,CENTRE DANDENONG NR COOLAC,POS,Melway,087A02
3141,3141,CENTRE DANDENONG/GRANGE,INT,Melway,087F02
3142,3142,CENTRE DANDENONG/MARCUS,INT,Melway,088F06
3143,3143,CENTRE DANDENONG/HOWARD,INT,Melway,088D04
3144,3144,CENTRE/BUCKLAND,INT,Melway,079F04
3145,3145,CENTRE DANDENONG/CHIFLEY DVE,INT,Melway,087K03
3146,3146,CHELTENHAM/BUNNINGS ACCESS RD,INT,Melway,088J08
3147,3147,LOWER DANDENONG/WOODLANDS,INT,Melway,088B07
3148,3148,LOWER DANDENONG/HOWARD,INT,Melway,088C07
3149,3149,LWR DANDENONG NR WILLOWGLEN,POS,Melway,088D08
3150,3150,CHELTENHAM/FIVEWAYS/LAKE VIEW,INT,Melway,88K08
3151,3151,SPRINGVALE/KEYLANA,INT,Melway,88H12
3152,3152,OAK NR GALADA,POS,Melway,
3168,3168,C'BOURNE-NARRE WARREN/CAMMS/ROCHESTER,INT,Melway,134B02
3169,3169,THOMPSONS/LYNDHURST,INT,VicRoads,129A8
3170,3170,STH GIPPSLAND HWY (HIGHST) NR CHILDERS,POS,Melway,133K05
3171,3171,STH GIPPSLAND HWY (HIGH ST) NR LYALL,POS,Melway,133K05
3172,3172,DANDENONG-HASTINGS/THOMPSONS,RBT MTR,Melway,128K08
3173,3173,NARRE WARREN - CRANBOURNE/KINGDOM,INT,Melway,130B12
3174,3174,NARRE WARREN-CRANBOURNE ROAD/GREAVES RD,INT,Melway,130D02
3175,3175,NARRE WARREN-CRANBOURNE/GLASSCOCKS,INT,Melway,130C06
3176,3176,POUND/SEEBECK,INT,Melway,130C01
3177,3177,BERWICK-CRANBOURNE/GLASSCOCKS/GRICES,INT,Melway,131A07
3178,3178,CLYDE/ENTERPRISE,INT,Melway,
3179,3179,C'BOURNE-NARRE WARREN BTW LYALL & STAWEL,POS,Melway,134A05
3180,3180,DONCASTER/BALWYN,INT,Melway,046E03
3181,3181,DONCASTER NR SYLVANDER,POS,Melway,046G02
3189,3189,CENTRE/KNIGHT,INT,Melway,079B03
3190,3190,MIDDLEBOROUGH NR KATRINA,POS,Melway,047H05
3191,3191,CLAYTON/DUNSTAN,INT,Melway,079C02
3192,3192,MIDDLEBOROUGH NR McKEAN,POS,Melway,047H08
3193,3193,MIDDLEBOROUGH NR ALBION,INT,Melway,047G11
3194,3194,MIDDLEBOROUGH NR CLARICE,POS,Melway,061G02
3195,3195,MIDDLEBOROUGH/ELEY,INT,Melway,061F05
3196,3196,HIGHBURY/STEPHENSONS/MIDDLEB,INT,Melway,061F08
3197,3197,CLAYTON NR DUNSTAN,POS,Melway,079C03
3198,3198,CENTRE/CLAYTON,INT,Melway,079C03
3199,3199,CENTRE/ESKAY,INT,Melway,078G03
3200,3200,CLAYTON/FAIRBANK,INT,Melway,079B07
3202,3202,OSBORNE NR ROYAL,POS,Melway,079K08
3203,3203,BOUNDARY/OLD DANDENONG,INT,Melway,088A02
3204,3204,CENTRE DANDENONG/BOUNDARY,INT,Melway,088A03
3205,3205,CLAYTON NR COLONEL,POS,Melway,079C01
3206,3206,CLAYTON/HAUGHTON/CARINISH,INT,Melway,079C02
3207,3207,CLAYTON NR BRENTWOOD,POS,Melway,079C05
3208,3208,CLAYTON/MONASH MEDICAL CENTRE,INT,Melway,079C01
3209,3209,CLAYTON/RYANS,INT,Melway,079B09
3210,3210,DOUGLAS/NORTH,INT,Melway,056B04
3211,3211,MCNAUGHTON NR TORTEVAL,POS,Melway,079G03
3212,3212,HEATHERTON/KINGSTON/CLAYTON/BOUNDARY RD,INT,Melway,079A11
3213,3213,SPRING ST BTW VIOLA & CLEELAND,POS,Melway,018G06
3214,3214,HIGH/WOOD/SPENCER,INT,Melway,018G10
3216,3216,BROADWAY NR MARCHANT,POS,Melway,018J05
3217,3217,HIGH/ALLENBY,INT,Melway,018H02
3218,3218,MURRAY NR MARY,POS,Melway,018G11
3219,3219,PLENTY /EAST PRESTON TRAM DEPOT,INT,Melway,030G01
3220,3220,PLENTY/HIGH/DUNDAS/MILLER,INT,Melway,030F03
3221,3221,HIGH/GOWER/CRAMER,INT,Melway,018G12
3222,3222,HIGH/MURRAY,INT,Melway,018G11
3223,3223,HIGH/REGENT/TYLER,INT,Melway,018G09
3224,3224,HIGH/BROADHURST,INT,Melway,018H03
3225,3225,HIGH/BROADWAY,INT,Melway,018H05
3226,3226,HIGH NR BARTON,POS,Melway,018H04
3227,3227,HIGH NR GLASGOW,POS,Melway,018H03
3228,3228,HIGH NR CHURCH,POS,Melway,018H01
3229,3229,HIGH/MAHONEYS/KEON,INT,Melway,008J11
3230,3230,HIGH/SETTLEMENT,INT,Melway,008J09
3231,3231,HIGH/MAIN,INT,Melway,008J07
3232,3232,HIGH/MANNS CROSSING,INT,Melway,008K05
3233,3233,HIGH/PASCHKE/KINGSWAY,INT,Melway,008K04
3234,3234,HIGH/AUSTARC,INT,Melway,008J09
3235,3235,HIGH NR QUEEN,POS,Melway,018G08
3236,3236,HIGH/CHILDS,INT,Melway,008K02
3237,3237,HIGH/KINGSWAY (see 3233),INT,Melway,008K03
3238,3238,COOPER/NORTHERN HOSPITAL ENTRANCE,INT,Melway,181K12
3239,3239,SETTLEMENT/APEX,INT,Melway,009D11
3241,3241,VICTORIA RD/DUNDAS ST,INT,Melway,030J04
3242,3242,PLENTY/BUSH/DEVELOPMENT,INT,Melway,010D01
3243,3243,HIGH ST/RESERVOIR STATION ENTRY,INT,Melway,008H06
3245,3245,SETTLEMENT/BRAND,INT,Melway,9D11
3246,3246,EVANS/BROOK,INT,Melway,382E04
3247,3247,STATION/EVANS,INT,Melway,
3248,3248,HORNE/GAP (NORTH SIDE GAP),FLASH PX,Melway,382D04
3249,3249,GAP/HORNE (WEST SIDE HORNE),FLASH PX,Melway,382D04
3250,3250,HORNE NR CORNISH,POS,Melway,382D04
3251,3251,O'SHANASSY NR STATION,FLASH PX,Melway,382E04
3252,3252,MACEDON NR EVANS,POS,Melway,382E03
3253,3253,RIDDELL NR HORNE,POS,Melway,382E03
3255,3255,VINEYARD/HORNE/MITCHELLS,INT,Melway,382C06
3256,3256,ESPLANADE BTW PIER/BENT,FLASH PX,Melway,54H11
3259,3259,MURRAY/NORTHLAND SHOP EAST ACCESS RD,INT,Melway,019C12
3260,3260,ALBERT/TYLER,INT,Melway,019B10
3261,3261,ALBERT/WOOD,INT,Melway,019B11
3262,3262,ALBERT/MURRAY,INT,Melway,019A12
3263,3263,ALBERT/GOWER,INT,Melway,019A12
3264,3264,ALBERT/RAGLAN,INT,Melway,031A03
3265,3265,ALBERT/DUNDAS/STATION,INT,Melway,031A04
3266,3266,STATION NR CLARENDON,POS,Melway,031A06
3267,3267,DAREBIN/STATION,INT,Melway,031A07
3268,3268,SEPARATION/STATION,INT,Melway,030K08
3269,3269,STATION NR DUNCAN,POS,Melway,030K10
3271,3271,STATION NR MANSFIELD,POS,Melway,031A05
3272,3272,STATION NR COLLINS,POS,Melway,031A04
3273,3273,WOOD NR LAUREL,POS,Melway,019C11
3274,3274,WOOD/HANNAH,INT,Melway,019C11
3280,3280,FERNTREE GULLY/HUNTINGDALE,INT,Melway,069K07
3281,3281,HUNTINGDALE NR ESTELLE,POS,Melway,069K06
3290,3290,GRANGE/NEERIM,INT,Melway,068F04
3291,3291,GLENHUNTLY/GRANGE/WATSON,INT,Melway,068F05
3292,3292,NORMANBY/QUEENS,INT,Melway,068F02
3293,3293,GRANGE BTW GARDEN/WATTLE,POS,Melway,068F06
3299,3299,HEIDELBERG NR THE ESPLANADE,POS,Melway,030G12
3300,3300,QUEENS/SMITH,INT,Melway,2C-E03
3301,3301,QUEENS/WELLINGTON/DELBRIDGE,INT,Melway,2C-F02
3302,3302,QUEENS/GOLD/MICHAEL,INT,Melway,2C-G02
3303,3303,QUEENS/HEIDELBERG,INT,Melway,2C-H01
3304,3304,HEIDELBERG/FENWICK,INT,Melway,030F12
3305,3305,HEIDELBERG/YARRA BEND/JEFFREY,INT,Melway,030H12
3306,3306,HEIDELBERG/STATION,INT,Melway,030K12
3307,3307,HEIDELBERG NR YARRAFORD,POS,Melway,031A11
3308,3308,HEIDELBERG/CHANDLER/GRANGE,INT,Melway,031B11
3309,3309,HEIDELBERG/YARRALEA,INT,Melway,031C11
3310,3310,HEIDELBERG NR MERTON,POS,Melway,031E09
3311,3311,HEIDELBERG/LWR HEIDELBERG/UPP HEIDELBERG,INT,Melway,031E09
3312,3312,LWR HEIDELBERG/MARSHALL,INT,Melway,031G08
3313,3313,LWR HEIDELBERG NR BURTON,POS,Melway,031J09
3314,3314,ROSANNA/DAREBIN,INT,Melway,032B04
3315,3315,ROSANNA NR ST JAMES,POS,Melway,032B02
3316,3316,ROSANNA/BANYULE,INT,Melway,032B01
3317,3317,BURGUNDY/STUDLEY/STRADBROKE,INT,Melway,031K04
3318,3318,GRANGE NR EVANS,POS,Melway,31B09
3329,3329,LOWER PLENTY NR GRANDVIEW,POS,Melway,032A01
3330,3330,LWR PLENTY/UPP.HEIDELBERG/WAIORA/ALTONA,INT,Melway,031J02
3331,3331,LWR PLENTY NR BELLEVUE,POS,Melway,020A12
3332,3332,LWR PLENTY/ROSANNA,INT,Melway,020C11
3333,3333,GREENSBOROUGH/LWR PLENTY,INT,Melway,020D10
3334,3334,LWR PLENTY/YALLAMBIE,INT,Melway,020J09
3335,3335,LWR PLENTY/GRANTHAM,INT,Melway,020G09
3336,3336,LWR PLENTY/TURNHAM/RAILWAY CROSSING,INT,Melway,020A12
3337,3337,LWR PLENTY/CREW/MARTINS,INT,Melway,020E10
3338,3338,BANYULE NR BEVERLEY,POS,Melway,20D12
3339,3339,DIAMOND CREEK/PLENTY RIVER,INT,Melway,
3340,3340,GREENSBOROUGH/YALLAMBIE,INT,Melway,020D06
3341,3341,GREENSBOROUGH BYPASS/WATSONIA,INT,Melway,020E04
3344,3344,GRIMSHAW/GREENSBOROUGH,INT,Melway,020G02
3345,3345,GRIMSHAW/HENRY/CIRCUIT,INT,Melway,020J02
3346,3346,MAIN NR GREENSBOROUGH CENTRE,POS,Melway,020J02
3347,3347,MAIN/PARA/CIRCUIT/HAILES,INT,Melway,020K01
3348,3348,CHUTE NR INGLES,POS,Melway,011K05
3349,3349,DIAMOND CREEK/ST HELENA,INT,Melway,020K01
3350,3350,GREENSBOROUGH/ERSKINE,INT,Melway,020D09
3351,3351,MAIN NR PARKER,FLASH PX,Melway,185K08
3352,3352,MAIN HURSTBRIDGE/ELIZABETH,INT,Melway,012A05
3353,3353,MOUNTAIN VIEW/ST HELENA,INT,Melway,021B01
3354,3354,RYANS/WALLOWA/ALLENDALE,INT,Melway,011H09
3355,3355,ST HELENA/KARINGAL,INT,Melway,021D01
3356,3356,HEIDELBERG-KINGLAKE NR THE PARKWAY,POS,Melway,012D06
3357,3357,GREENSBOROUGH HWY/METROPOLITAN RING RD,INT,Melway,010G11
3358,3358,THE CIRCUIT/LORIMER/G'BOROURGH SHOP,INT,Melway,020J02
3359,3359,MAIN HURSTBRIDGE RD NR GEORGE ST,FIRE SIG,Melway,012B06
3360,3360,BANKSIA/LWR HEIDELBERG,INT,Melway,032B05
3361,3361,BANKSIA/DORA,INT,Melway,032B05
3362,3362,BANKSIA/CAPE,INT,Melway,032A05
3363,3363,BANKSIA NR MOUNT,POS,Melway,031K05
3364,3364,KARINGAL/WEIDLICH,INT,Melway,2100
3373,3373,HODDLE NR STANTON (SOUTH BOUND),POS,Melway,2C-H10
3374,3374,HODDLE NR STANTON (NORTH BOUND),POS,Melway,2C-H10
3375,3375,HODDLE NR STUDLEY (SOUTH BOUND),POS,Melway,2C-H08
3376,3376,HODDLE NR STUDLEY (NORTHBOUND),POS,Melway,2C-H08
3377,3377,WELLINGTON/GIPPS,INT,Melway,2C-E10
3378,3378,EASTERN FWY ON NR HODDLE         DD 3380,POS,Melway,2C-J05
3380,3380,EASTERN FWY OFF RAMP/HODDLE,INT,Melway,2C-J05
3381,3381,HODDLE/TRURO,INT,Melway,2C-H07
3382,3382,HODDLE/JOHNSTON,INT,Melway,2C-H08
3383,3383,HODDLE/GIPPS,INT,Melway,2C-H10
3384,3384,HODDLE/LANGRIDGE,INT,Melway,2C-H12
3385,3385,HODDLE/VICTORIA,INT,Melway,2G-H01
3386,3386,HODDLE/ALBERT/ELIZABETH,INT,Melway,2G-G02
3387,3387,PUNT/UNION,INT,Melway,058B07
3388,3388,HODDLE NR HOTHAM,POS,Melway,2G-G04
3389,3389,HODDLE/FREEMAN,INT,Melway,2G-G04
3390,3390,PUNT/BRIDGE/HODDLE/WELLINGTON,INT,Melway,2G-G05
3391,3391,PUNT/ROWENA,INT,Melway,2G-G07
3392,3392,PUNT/BRUNTON,INT,Melway,2G-G08
3393,3393,PUNT/SWAN,INT,Melway,2G-F09
3394,3394,MONASH ON RAMP NR PUNT,POS,Melway,2G-F12
3395,3395,PUNT/ALEXANDRA,INT,Melway,2G-F12
3396,3396,PUNT/DOMAIN,INT,Melway,2L-F03
3397,3397,PUNT/TOORAK,INT,Melway,2L-E05
3398,3398,PUNT NR PASLEY ST NTH,POS,Melway,2L-E06
3399,3399,PUNT/COMMERCIAL,INT,Melway,2L-E09
3400,3400,PUNT/MOUBRAY/GREVILLE,INT,Melway,2L-E10
3401,3401,PUNT/HIGH,INT,Melway,2L-D11
3404,3404,KENSINGTON/HOBSONS/CHILDERS,INT,Melway,042H04
3405,3405,DYNON/DOCK LINK,INT,Melway,2T-D09
3406,3406,RATHDOWNE NR MOTON PLACE,POS,Melway,2BH07
3408,3408,SWAN/MELBOURNE PARK/OLYMPIC PARK,INT,Melway,2G-E09
3409,3409,SWAN NR MELBOURNE PARK (EAST),POS,Melway,2G-E09
3410,3410,FLINDERS LANE/MARKET,INT,Melway,2FD06
3416,3416,STURT NR GRANT,POS,Melway,2F-F10
3417,3417,ELGIN NR DRUMMOND,POS,Melway,2B-G06
3418,3418,DORCAS NR ST LUKE,FLASH PX,Melway,2K-D02
3419,3419,MCKINNON NR GLEN ORME,POS,Melway,068D10
3420,3420,ORMOND RD NR BYRNE,FLASH PX,Melway,067B03
3421,3421,ORMOND RD NR VAUTIER,FLASH PX,Melway,067C03
3422,3422,ORMOND RD NR DOCKER,FLASH PX,Melway,067C04
3423,3423,ORMOND RD NR PINE,FLASH PX,Melway,067C04
3424,3424,BARKLY/ALMA/PRINCES,INT,Melway,058B09
3425,3425,BARKLY/GREY/INKERMAN,INT,Melway,058B10
3426,3426,BARKLY/CARLISLE,INT,Melway,058B10
3427,3427,BARKLY/ACLAND/MITFORD,INT,Melway,058B11
3428,3428,FITZROY/ACLAND,INT,Melway,057K09
3429,3429,WHITEHALL NR FREDERICK,POS,Melway,042C10
3430,3430,SOMERVILLE/HYDE,INT,Melway,042C08
3431,3431,HYDE/FRANCIS,INT,Melway,042C10
3432,3432,FRANCIS NR BALLARAT,POS,Melway,042A10
3433,3433,HYDE NR SCHILD,FLASH PX,Melway,042C09
3434,3434,BARKLY NR ALBERT,POS,Melway,042C04
3435,3435,WHITEHALL/SOMERVILLE,INT,Melway,042C08
3436,3436,KENSINGTON ROAD nr DEVON STREET,POS,Melway,2T-G06
3437,3437,FARNSWORTH/MEYERS,INT,Melway,42D01
3438,3438,FRANCIS/WHITEHALL,INT,Melway,42C10
3439,3439,JASPER/PATTERSON,INT,Melway,077E03
3440,3440,JASPER/MCKINNON,INT,Melway,068F11
3441,3441,CENTRE/JASPER,INT,Melway,077E01
3442,3442,JASPER NR BREWER,POS,Melway,077E02
3443,3443,CENTRE NR GILBERT,POS,Melway,068C12
3444,3444,RATHDOWNE ST NEAR RICHARSON ST,FLASH PX,Melway,029 K12
3445,3445,SWAN NR BATMAN,POS,Melway,2GC09
3449,3449,JOHNSTON/PATTERSON,INT,Melway,2DB08
3450,3450,NICHOLSON/ELGIN/JOHNSTON       (FITZROY),INT,Melway,2B-K07
3451,3451,BRUNSWICK/JOHNSTON,INT,Melway,2C-B07
3452,3452,JOHNSTON NR GEORGE,INT,Melway,2C-C07
3453,3453,JOHNSTON/SMITH,INT,Melway,2C-D07
3454,3454,JOHNSTON/WELLINGTON,INT,Melway,2C-F07
3456,3456,JOHNSTON NR LULIE,POS,Melway,2C-J08
3457,3457,JOHNSTON/NICHOLSON           COLLINGWOOD,INT,Melway,2C-K08
3458,3458,JOHNSTON ST O'HEAD SIGNALS - MASTER,O/H LANE,Melway,044CF4
3460,3460,COLLINS BTW SPENCER & KING,FLASH PX,Melway,2FA06
3473,3473,DOHERTYS/JESSICA,INT,Melway,360H11
3474,3474,MAHER NR THOMAS,FLASH PX,Melway,053D10
3475,3475,MERTON NR CENTRAL,FLASH PX,Melway,53F12
3476,3476,CENTRAL NR KIORA,POS,Melway,53E12
3477,3477,RAILWAY BTW EPSOM & FITZROY,POS,Melway,53D10
3478,3478,MERTON/NEWLAND,INT,Melway,53F10
3479,3479,DOHERTYS NR WESTGATE,POS,Melway,054F01
3480,3480,KOROROIT CK/MAIDSTONE,INT,Melway,054C05
3482,3482,KOROROIT CREEK/DRAKE,INT,Melway,
3483,3483,PRINCES FWY SB RAMPS/KOROROIT CREEK,INT,Melway,053H05
3484,3484,MAIDSTONE NR GATE 6,POS,Melway,054C06
3485,3485,PRINCES FWY NB RAMPS/KOROROIT CREEK,INT,Melway,053G04
3486,3486,WILLIAMSTOWN/ SHOPPING CENTRE ENTRY,INT,Melway,041J09
3487,3487,WILLIAMSTOWN NR THOMAS,POS,Melway,041J11
3497,3497,MAIN NR MAHONEY,FLASH PX,Melway,
3499,3499,BLACKSHAWS/MILLS/KYLE,INT,Melway,055D01
3500,3500,MILLERS NR EAMES,POS,Melway,041B09
3501,3501,MILLERS/BLACKSHAWS,INT,Melway,055B01
3502,3502,MILLERS/MASON,INT,Melway,055B03
3503,3503,MILLERS NR HOBB,POS,Melway,055A04
3505,3505,QUEEN NR SARGOOD,FLASH PX,Melway,054H11
3506,3506,MILLERS/KOROROIT CRK,RBT MTR,Melway,055A06
3507,3507,KOROROIT CREEK NR ADELINE,POS,Melway,055J08
3508,3508,BLACKSHAWS/CHAMBERS,INT,Melway,055A01
3509,3509,NAPIER NR BREWSTER,POS,Melway,028H03
3510,3510,MT ALEXANDER/PUCKLE/DEAN,INT,Melway,028J07
3511,3511,MT ALEXANDER/KELLAWAY/TAYLORS,INT,Melway,028J06
3512,3512,MT ALEXANDER (W) NR GRANDISON,POS,Melway,028H05
3513,3513,MT ALEXANDER/BUCKLEY,INT,Melway,028H04
3514,3514,MT ALEXANDER/NAPIER/FLETCHER,POS,Melway,028G04
3515,3515,MT ALEXANDER/BREWSTER/THISTLE,INT,Melway,028G03
3516,3516,BULLA ROAD NR HOLYROOD,POS,Melway,016E11
3517,3517,MT ALEXANDER (E) NR CRAWFORD,POS,Melway,028H05
3518,3518,MT ALEXANDER/TRAM DEPOT,INT,Melway,028K10
3519,3519,MT ALEXANDER NR LINCOLN,POS,Melway,028F01
3521,3521,BULLA NR CARNARVON,FLASH PX,Melway,028F01
3522,3522,MT ALEXANDER NR NAPIER,FLASH PX,Melway,028G04
3523,3523,MT ALEXANDER NR FLETCHER,FLASH PX,Melway,028G04
3524,3524,RACECOURSE NR PIN OAK,POS,Melway,2T-K01
3525,3525,FERGUSON BTW LYONS/BATH,FLASH PX,Melway,056C08
3536,3536,CLARENDON/COVENTRY,INT,Melway,2K-C01
3537,3537,FERRARS NR COVENTRY,POS,Melway,2K-A02
3538,3538,BEACONSFIELD NR HAROLD,POS,Melway,057G07
3539,3539,BEACONSFIELD NR LANGRIDGE,POS,Melway,057H07
3541,3541,MONTAGUE/NORMANBY,INT,Melway,2E-H12
3542,3542,WILLIAMSTOWN/INGLES/NORMANBY,INT,Melway,2J-F01
3543,3543,BEACH NR CANBERRA,POS,Melway,2J-A06
3544,3544,NORMANBY/MELB CONVENTION CENTRE,INT,Melway,2EJ11
3546,3546,HAWTHORN/UNION,INT,Melway,67K10
3547,3547,CHURCH NR ST ANDREWS,FLASH PX,Melway,067E11
3548,3548,CHURCH NR CARPENTER,FLASH PX,Melway,067E11
3549,3549,NORTH NR ST JAMES,POS,Melway,067E07
3550,3550,NORTH/NEW,INT,Melway,067E07
3551,3551,NORTH/KOOYONG,INT,Melway,067J08
3552,3552,NORTH NR LANDCOX,POS,Melway,067J08
3553,3553,NORTH/HAWTHORN,INT,Melway,067K08
3554,3554,NORTH/BAMBRA/THOMAS,INT,Melway,068B08
3555,3555,NORTH/BOORAN/WHEATLEY,INT,Melway,068D08
3556,3556,NORTH NR DALMOR,POS,Melway,068E08
3557,3557,NORTH NR CARLYON,POS,Melway,068E08
3558,3558,NORTH/JASPER/GRANGE,INT,Melway,068F09
3559,3559,NORTH/KOORNANG/TUCKER,INT,Melway,068H09
3560,3560,NORTH/EAST BOUNDARY/M'BEEENA,INT,Melway,068K09
3561,3561,NORTH/POATH/POET,INT,Melway,069C10
3562,3562,NORTH NR SHAFTON,POS,Melway,
3563,3563,NORTH NR JASSA,POS,Melway,069C10
3564,3564,NORTH/GOLF/GOLF LINKS,INT,Melway,069F10
3565,3565,NORTH NR WINDSOR,POS,Melway,069H10
3566,3566,NORTH/MILGATE/FENTON,INT,Melway,070A11
3567,3567,MURRUMBEENA/KANGAROO,INT,Melway,069A07
3568,3568,HAMPTON/DURRANT/CLUDEN,INT,Melway,067H11
3570,3570,CLAYTON/NORTH,INT,Melway,070C11
3588,3588,PASCOE VALE NR ANSELM,POS,Melway,16G02
3590,3590,PASCOE VALE/ALBION/FLETCHER,INT,Melway,028J04
3591,3591,PASCOE VALE NR RALEIGH,POS,Melway,028J03
3592,3592,MORELAND/PASCOE VALE,INT,Melway,028J03
3593,3593,PASCOE VALE/WOODLAND,INT,Melway,028K01
3594,3594,PASCOE VALE/PECK,INT,Melway,016J09
3595,3595,PASCOE VALE/STEWART,INT,Melway,016J09
3596,3596,PASCOE VALE NR MAIN,POS,Melway,016H07
3597,3597,PASCOE VALE/DEVON/WINIFRED,INT,Melway,016H07
3598,3598,PASCOE VALE NR WILLET,POS,Melway,016G05
3599,3599,PASCOE VALE/GLENROY,INT,Melway,016G03
3600,3600,PASCOE VALE/DIMBOOLA,INT,Melway,006H08
3603,3603,PASCOE VALE NR BELAIR,POS,Melway,016G02
3604,3604,PASCOE VALE NR MEAKER,POS,Melway,016H06
3605,3605,PASCOE VALE/KELLAWAY,INT,Melway,028J06
3606,3606,PASCOE VALE/BUCKLEY,INT,Melway,028J05
3607,3607,MT ALEXANDER NR WINIFRED,FLASH PX,Melway,028F01
3608,3608,MT ALEXANDER NR LEAKE,FLASH PX,Melway,028F02
3609,3609,MT ALEXANDER NR GLASS,FLASH PX,Melway,028F01
3610,3610,PASCOE VALE/BROADMEADOWS SHOPPING ENT 2,INT,Melway,006H08
3611,3611,BARRY/LONGFORD,INT,Melway,006K03
3612,3612,PASCOE VALE/TAGGERTY CRES STH,INT,Melway,6H03
3613,3613,BARRY/KYABRAM,INT,Melway,007B03
3615,3615,PASCOE VALE/COLERAINE,INT,Melway,006H07
3616,3616,PASCOE VALE/BARRY,INT,Melway,006H03
3617,3617,PASCOE VALE/PARINGA,INT,Melway,179K12
3618,3618,PASCOE VALE/SHANKLAND/RESERVOIR,INT,Melway,179K09
3619,3619,PASCOE VALE/TAGGERTY CRES (NTH),INT,Melway,006J01
3620,3620,PRINCESS NR WILLS,POS,Melway,045C04
3621,3621,PRINCESS NR MOLESWORTH,POS,Melway,045C05
3622,3622,PRINCESS/DUKE,INT,Melway,045C03
3623,3623,PRINCESS NR WILLSMERE,RBT MTR,Melway,45C4
3624,3624,PEARCEDALE/BROADMEADOWS TOWN CENTRE,INT,Melway,06G07
3626,3626,WEST GATE FWY EXIT RAMP/COOK,INT,Melway,42H12
3629,3629,CHURCHILL NR BRAYBROOK COMMUNITY CENTRE,POS,Melway,041C01
3630,3630,SOUTH NR ESPLANADE AVE,POS,Melway,076D03
3631,3631,SOUTH/NEW,INT,Melway,076E03
3632,3632,SOUTH/HAMPTON,INT,Melway,076G04
3633,3633,SOUTH NR HAMPTON,POS,Melway,076G04
3634,3634,SOUTH/BLUFF/CUMMINS,INT,Melway,077B04
3635,3635,SOUTH/JASPER/TAYLOR,INT,Melway,077E05
3636,3636,BLUFF NR HOLLOWAY,POS,Melway,076K11
3637,3637,SOUTH/EAST BOUNDARY,INT,Melway,077J05
3638,3638,SOUTH/CHESTERVILLE,INT,Melway,077K05
3639,3639,OLD DANDENONG/BOURKE,INT,Melway,078F07
3640,3640,PASCOE VALE/COOLAROO STATION ACCESS,INT,Melway,006J02
3642,3642,SOUTH/STATION,INT,Melway,077D05
3643,3643,SOUTH/TAFE COLLEGE EXIT,INT,Melway,077G05
3644,3644,KINGSTON/BALL/ACCESS RD,INT,Melway,078E10
3648,3648,MORWELL nr WATSONIA,FLASH PX,Melway,020D03
3651,3651,WHITE NR WARREN,POS,Melway,
3652,3652,NARRE WARREN-CRANBOURNE/LINSELL,INT,Melway,134B02
3653,3653,RESERVE/PARK/TULIP,INT,Melway,
3654,3654,CHAPEL/MALCOLM,INT,Melway,2LK04
3656,3656,BURNLEY/HIGHETT,INT,Melway,
3657,3657,BURNLEY/MURPHY,INT,Melway,
3659,3659,MT ALEXANDER NR DAVIES,POS,Melway,028J08
3660,3660,STUDLEY PARK NR HODGSON,POS,Melway,2D-H11
3661,3661,STUDLEY PARK/CARSON,INT,Melway,045A06
3662,3662,HIGH/DENMARK/PRINCESS/S'PARK,INT,Melway,045C06
3663,3663,DENMARK/WELLINGTON,INT,Melway,045C07
3664,3664,TOORONGA NR BETHUNE,POS,Melway,059F04
3665,3665,APPLETON DOCK/ENTERPRIZE,INT,,
3666,3666,POWER NR BATESFORD,POS,Melway,069J01
3667,3667,HIGH NR PAKINGTON,POS,Melway,045D06
3668,3668,BURWOOD/BUNNINGS ACCESS,INT,Melway,
3670,3670,FURLONG NR BOND,POS,Melway,
3671,3671,ST GEORGES/MERRI/CHARLES,INT,Melway,
3672,3672,DIMBOOLA/MAIN,INT,,
3673,3673,TOORONGA/TOORONGA VILLAGE ACCESS,INT,Melway,059F05
3674,3674,MONASH FWY/WARRIGAL ON RAMP I/B,RAMP MTR,,
3675,3675,MONASH FWY/HUNTINGDALE (ON RAMP O/B),RAMP MTR,,
3676,3676,MONASH/WARRIGAL (ON RAMP O/B),RAMP MTR,,
3677,3677,WARRIGAL/ENTRANCE NO.1,INT,Melway,069G01
3678,3678,MONASH/WARRIGAL (WB RAMPS)       DD 3681,INT,Melway,069F03
3679,3679,STATION NR GLENFERRIE,FLASH PX,Melway,059B10
3680,3680,WARRIGAL/WAVERLEY,INT,Melway,069F02
3681,3681,MONASH/WARRIGAL RD,INT,Melway,069F03
3682,3682,WARRIGAL/RIVERSDALE,INT,Melway,060H02
3683,3683,WARRIGAL NR GLEESON,POS,Melway,060H04
3684,3684,WARRIGAL NR LOUDON,POS,Melway,060H05
3685,3685,WARRIGAL/HIGHBURY,INT,Melway,060G07
3686,3686,WARRIGAL NR FAKENHAM,POS,Melway,060G09
3687,3687,WARRIGAL NR POULTER,POS,Melway,060G10
3688,3688,WARRIGAL NR MADELINE,POS,Melway,060G08
3689,3689,WARRIGAL NR BATESFORD,INT,Melway,069G01
3690,3690,WARRIGAL/BATESFORD,INT,Melway,069G01
3691,3691,WARRIGAL/ATHERTON,INT,Melway,069F07
3692,3692,WARRIGAL NR KANGAROO,POS,Melway,069E08
3693,3693,WARRIGAL/NORTH,INT,Melway,069E10
3694,3694,CENTRE/WARRIGAL,INT,Melway,078E02
3695,3695,WARRIGAL/OLD DANDENONG,INT,Melway,078D04
3696,3696,WARRIGAL/SOUTH,INT,Melway,078D06
3697,3697,WARRIGAL/KEYS/CORPORATE DVE,INT,Melway,078C09
3698,3698,WARRIGAL/KINGSTON,INT,Melway,078C10
3699,3699,WARRIGAL NR BERNARD,POS,Melway,078C10
3700,3700,WARRIGAL/CENTRE DANDENONG,INT,Melway,087C02
3701,3701,WARRIGAL NR DELIA,POS,Melway,078E01
3702,3702,WARRIGAL NR GLOVER,POS,Melway,078D03
3703,3703,WARRIGAL/COCHRANES,INT,Melway,078D08
3704,3704,WARRIGAL/FARM,INT,Melway,087C01
3706,3706,WARRIGAL/MIDDLE,INT,Melway,069F04
3708,3708,BEACH NR DIXON,POS,Melway,087A09
3709,3709,BEACH NR NEPEAN,POS,Melway,092F01
3710,3710,NEPEAN NR THIRD,POS,Melway,087C07
3711,3711,WARRIGAL/OAK/VOLTRI,INT,Melway,087B04
3712,3712,WARREN NR BROWNFIELD,FLASH PX,Melway,087G09
3713,3713,GOVERNOR NR CHUTE,POS,Melway,092G01
3714,3714,BEACH NR ANTIBES,POS,Melway,087B10
3715,3715,BOUNDARY/GOVERNOR  (ROUNDABOUT),RBT MTR,Melway,092J01
3716,3716,FLORENCE NR BAKERY LANE,FLASH PX,Melway,086K06
3717,3717,COMO PDE WEST NR BIRDWOOD,FLASH PX,Melway,087C09
3719,3719,LEAKES/ESTATE ROAD,INT,Melway,
3720,3720,WELLINGTON/MONASH UNIVERSITY BUS ENT,INT,Melway,070F12
3721,3721,WELLINGTON/MONASH UNIVERSITY ENTRY,INT,Melway,070F12
3722,3722,BLACKBURN/WELLINGTON,INT,Melway,070H12
3723,3723,MONASH/BLACKBURN RAMP SIGNALS IB,RAMP MTR,,
3724,3724,MONASH/FORSTER I/B RAMP (RAMP MTR),RAMP MTR,,
3725,3725,FERNTREE GULLY/GILBY,INT,Melway,70G08
3726,3726,EAST RING RD STH OF NTH RING MONASH UNI,POS,Melway,
3727,3727,PLENTY/GRANGE/SNAKE GULLY,INT,Melway,019G03
3728,3728,MONASH/WELLINGTON OB,RAMP MTR,,
3730,3730,PLENTY/TYLER,INT,Melway,018J09
3731,3731,PLENTY NR ETHEL,POS,Melway,018K09
3732,3732,PLENTY/ALBERT/BOLDREWOOD,INT,Melway,019A08
3733,3733,PLENTY NR GREMEL,POS,Melway,019C07
3734,3734,PLENTY/DUNNE/KINGSBURY,INT,Melway,019F05
3735,3735,PLENTY/GRIMSHAW,INT,Melway,019J01
3736,3736,PLENTY/BENT/SETTLEMENT,INT,Melway,009J12
3737,3737,PLENTY/TAUNTON,INT,Melway,010A10
3738,3738,PLENTY NR BRADSHAW,POS,Melway,019E06
3739,3739,PLENTY/LODDON/TARGET ENT.,INT,Melway,019B07
3740,3740,HIGH/SPRING/CHEDDAR,INT,Melway,018H05
3741,3741,PLENTY/MT COOPER,INT,Melway,019J02
3742,3742,KEON PARADE/DALTON,INT,Melway,009A12
3743,3743,TYLER NR BOWDEN,POS,Melway,018H09
3744,3744,METROPOLITAN RING ROAD/DALTON,INT,Melway,009C09
3745,3745,PLENTY/GREMEL,INT,Melway,019C07
3746,3746,PLENTY/FRANKLINS ACCESS RD,INT,Melway,019B08
3747,3747,PLENTY NR BROWNING,POS,Melway,019D06
3748,3748,MONASH/FORSTER OB,RAMP MTR,,
3750,3750,WILLIAMSTOWN/GRAHAM,INT,Melway,2J-A02
3752,3752,WILLIAMSTOWN NR INGLES,FLASH PX,Melway,2J-F01
3753,3753,WILLIAMSTOWN NR WEBB,POS,Melway,041K07
3755,3755,GRAHAM/PLUMMER,INT,Melway,
3759,3759,NORTH NR HALL,FLASH PX,Melway,055K04
3760,3760,MELBOURNE NR WILKINS,POS,Melway,55K05
3763,3763,MAROONDAH HWY/MELBA HWY,INT,,
3764,3764,ARDEN/LLOYD,INT,Melway,
3765,3765,BOARDWALK/MURNONG,INT,Melway,
3766,3766,BOARDWALK/MAIN,INT,Melway,
3767,3767,DERRIMUT/POPLAR/BADEN POWELL,INT,Melway,
3769,3769,GAFFNEY/DAWSON,INT,Melway,
3771,3771,MICKLEHAM/GREENVALE,INT,Melway,178J08
3773,3773,THE LAKES NR THE PROMENADE,FLASH PX,Melway,183A08
3774,3774,CLAYTON BTW BAYVIEW & STEWART,POS,Melway,070D09
3775,3775,SOMERVILLE NR CORONATION,POS,Melway,041H08
3776,3776,PALMERS/DUNNINGS,INT,Melway,
3777,3777,HIGH STREET/COOPER,INT,Melway,
3778,3778,FOOTSCRAY/MARKET GATE 1.,INT,Melway,002TE12
3779,3779,BLYTH NR EDMENDS  (FIRE STATION),FIRE W/W,Melway,029H07
3780,3780,GRANTHAM NR UNION,POS,Melway,029E08
3781,3781,MELVILLE NR APPLEBY,POS,Melway,029D04
3782,3782,LYGON NR STEWART,POS,Melway,029K06
3783,3783,ROYAL/PARK,INT,Melway,029G10
3784,3784,SYDNEY NR STEWART,POS,Melway,029H06
3785,3785,ALBION NR HOWARD,POS,Melway,029J06
3786,3786,DAWSON NR FALLON,POS,Melway,029F08
3787,3787,ALBION NR THISTLE,POS,Melway,029E05
3788,3788,DAWSON NR DALY,POS,Melway,029C08
3790,3790,SYDNEY NR DONALD,POS,Melway,029H05
3791,3791,BRUNSWICK/STRANGER,INT,Melway,029H10
3792,3792,NICHOLSON NR ALBERT,POS,Melway,030A08
3793,3793,BRUNSWICK NR EWING,POS,Melway,029J10
3794,3794,PARK WEST OF THE AVENUE,POS,Melway,029G10
3795,3795,DAWSON WEST OF SAXON,POS,Melway,029G08
3796,3796,NICHOLSON NR HARRISON,POS,Melway,030A05
3797,3797,LYGON NR PARK,POS,Melway,029J10
3798,3798,WHITEHORSE NR CAMPBELL,POS,Melway,45K7
3799,3799,PROSPECT HILL NR SCOTT,POS,Melway,046D12
3800,3800,BELMORE NR UNION,POS,Melway,046J05
3801,3801,PROSP.HILL/STANHOPE/TRAFALGAR,INT,Melway,046A12
3802,3802,PROSPECT HILL NR CARINDA,POS,Melway,046B12
3803,3803,PROSPECT HILL NR MOLESWORTH,POS,Melway,060E01
3804,3804,RIVERSDALE/TRAFALGAR,INT,Melway,059K01
3805,3805,RIVERSDALE NR WILLOW,POS,Melway,060B01
3806,3806,RIVERSDALE NR QUANTOCK,POS,Melway,060C01
3807,3807,RIVERSDALE/WATTLEVALLEY,INT,Melway,060D02
3808,3808,RIVERSDALE/HIGHFIELD,INT,Melway,060E02
3809,3809,RIVERSDALE NR THROUGH ROAD,POS,Melway,060G02
3810,3810,CAMBERWELL NR BUTLER,POS,Melway,059J01
3811,3811,CAMBERWELL NR INGLESBY,POS,Melway,059K02
3812,3812,CAMBERWELL/SEYMOUR/TRAFALGAR,INT,Melway,059K02
3813,3813,CAMBERWELL NR GLEN IRIS,POS,Melway,060B04
3814,3814,GLEN IRIS NR KERFERD,POS,Melway,060A09
3816,3816,HIGH NR HIGHGATE,POS,Melway,060C09
3817,3817,HIGH NR WARD,POS,Melway,060D10
3818,3818,HIGH NR CAROOL,POS,Melway,060E09
3819,3819,WHITEHORSE NR AUSTIN,POS,Melway,046C07
3820,3820,HIGH/GLEN IRIS,INT,Melway,060A09
3821,3821,BURKE NR COOKSON,POS,Melway,045J11
3822,3822,UNION NR GUILDFORD,POS,Melway,046H10
3823,3823,WHITEHORSE NR BANOOL,POS,Melway,046G08
3824,3824,WHITEHORSE NR ROCHESTER,POS,Melway,046E08
3826,3826,BURKE NR GORDON,POS,Melway,045K06
3827,3827,DONCASTER NR VIEWHILL,POS,Melway,046F02
3828,3828,HIGH NR SEATON,POS,Melway,060B09
3829,3829,CAMBERWELL NR BOWEN,POS,Melway,060A03
3830,3830,PASCOE VALE NR MURRAY,POS,Melway,028J05
3831,3831,PASCOE VALE/WILSON,INT,Melway,028J06
3832,3832,ASCOT VALE NR MOONEE,POS,Melway,028J09
3833,3833,MT ALEXANDER NR FENTON,POS,Melway,028K09
3834,3834,BUCKLEY (STH) NR LESLIE,INT,Melway,028G04
3835,3835,MT ALEXANDER NR BARODA,POS,Melway,028K10
3836,3836,UNION NR ST LEONARDS,POS,Melway,028G09
3837,3837,STANHOPE NR LORNE,POS,Melway,046A11
3840,3840,MALVERN NR MERCER,POS,Melway,059B06
3841,3841,GLENFERRIE NR KOOYONG STN,POS,Melway,059C03
3842,3842,GLENFERRIE NR EDSALL,POS,Melway,059B09
3843,3843,HIGH NR HUNTINGTOWER,POS,Melway,059A07
3844,3844,TOORONGA NR COPPIN,POS,Melway,059E11
3845,3845,BURKE NR RANFURLIE,POS,Melway,059G09
3846,3846,BURKE NR BEAVER,POS,Melway,059G11
3847,3847,CHADSTONE NR ABBOTSFORD,POS,Melway,069D02
3848,3848,KOOYONG NR UNION,POS,Melway,059A08
3850,3850,GLENFERRIE/EVANDALE,INT,Melway,059B10
3851,3851,CHADSTONE/EXIT CHAD SHOPS,INT,Melway,069D04
3852,3852,WAVERLEY NR BATESFORD,POS,Melway,069D02
3853,3853,TALBOT NR GLENFERRIE,FLASH PX,Melway,059D03
3854,3854,STATION NR CLAREMONT,FLASH PX,Melway,059C10
3855,3855,MALVERN/MOIRA,INT,Melway,059K11
3856,3856,TOORONGA NR MILTON,FLASH PX,Melway,059F06
3857,3857,MILTON NR TOORONGA,FLASH PX,Melway,059F06
3860,3860,CHURCH/BALMAIN/COTTER,INT,Melway,2G-K12
3861,3861,SWAN/CREMORNE,INT,Melway,2G-G09
3863,3863,BURNLEY NR KENT,POS,Melway,2H-F04
3864,3864,CHURCH NR HOWARD                     VM9,POS,Melway,2L-K02
3865,3865,LENNOX NR YORK,POS,Melway,2G-J03
3866,3866,MADDEN NR STAWELL,POS,Melway,2H-F11
3867,3867,LENNOX NR RICHMOND TCE,FLASH PX,Melway,2G-J08
3868,3868,BRIDGE NR VERITY,POS,Melway,044D09
3869,3869,ERIN NR NORMANBY,POS,Melway,2G-H05
3870,3870,ST GEORGES NR BRUCE,POS,Melway,018F12
3871,3871,CRAMER NR JESSIE,POS,Melway,018E12
3872,3872,GILBERT NR MILLER,POS,Melway,030C02
3873,3873,GILBERT NR JACKA,POS,Melway,018D10
3874,3874,EDWARDES/BANBURY,INT,Melway,018D05
3875,3875,EDWARDES/NEWLANDS,INT,Melway,018B05
3876,3876,SPRING NR VERDUN,POS,Melway,018F08
3877,3877,MURRAY/NORTHLAND EXIT,INT,Melway,019B12
3878,3878,BURNLEY/NORTHERN ACCESS RD,INT,Melway,2HF2
3879,3879,KINGSBURY/RING RD,INT,Melway,019F06
3880,3880,HIGH NR DAVID,POS,Melway,018G12
3881,3881,EDWARDES NR SPRATLING,POS,Melway,018E05
3882,3882,EDWARDES NR OLIVE,POS,Melway,018G05
3884,3884,BURKE NR KARDELLA,POS,Melway,59G11
3885,3885,LOUISA NR VICTORIA,FLASH PX,Melway,029H01
3886,3886,MORELAND NR MURDOCH,POS,Melway,029G04
3887,3887,MORELAND/CAMERON,INT,Melway,029G04
3888,3888,MELVILLE NR WOODLANDS,POS,Melway,029D02
3891,3891,MORELAND NR HAIG,POS,Melway,029F04
3892,3892,GAFFNEY NR BATMAN,POS,Melway,017H10
3893,3893,SYDNEY NR PAGE,POS,Melway,029H01
3894,3894,MCARTHURS/BORRACK,POS,Melway,055A02
3895,3895,OLD DANDENONG/CLARINDA,INT,Melway,078H08
3896,3896,MCDONALDS/PLENTY VALLEY SC ACCESS 2,INT,Melway,
3897,3897,MCDONALDS/FERRES,INT,Melway,
3898,3898,MCDONALDS/PLENTY VALLEY SC ACCESS1,INT,Melway,
3899,3899,KOROROIT CREEK/BURNS,INT,Melway,053J04
3900,3900,MILLERS/MCARTHURS,INT,Melway,055B02
3901,3901,MELBOURNE/VIC TRACK MAINT FACILITY ACCES,INT,Melway,
3902,3902,BLACKSHAWS NR BEGONIA,FLASH PX,Melway,055C01
3904,3904,KOROROIT CREEK/DOW CHEMICAL/PRIXCAR,INT,Melway,054B05
3905,3905,BLACKSHAWS/GRIEVE,INT,Melway,040G12
3906,3906,GRIEVE/THE GATEWAY,INT,Melway,054G03
3907,3907,GRIEVE/PINNACLE/TOYOTA ENT GATE 7,INT,Melway,054G03
3908,3908,GRIEVE/TOYOTA ENT GATE 4,INT,Melway,054G01
3909,3909,GRIMSHAW/CHURCH,INT,Melway,020J02
3910,3910,GRIEVE/TARAS,INT,Melway,
3911,3911,GRIMSHAW/MAIN,INT,Melway,020J02
3912,3912,GREENSBOROUGH BYPASS/ELDER,INT,Melway,020E04
3913,3913,GRIEVE/DOHERTYS,RBT MTR,Melway,054G01
3914,3914,RIVERSDALE/HAVELOCK/REDFERN,INT,Melway,059H01
3915,3915,PLENTY/STAGECOACH,INT,Melway,183H09
3916,3916,ELGAR/UGANDA,INT,Melway,61A04
3917,3917,CHAPEL/PALERMO,INT,Melway,2L-J07
3918,3918,EASTERN FWY/ELGAR,INT,Melway,047C03
3919,3919,EASTERN FWY/TRAM,INT,Melway,047E04
3920,3920,ELGAR/BELMORE,INT,Melway,047C04
3921,3921,ELGAR NR LORAINE,POS,Melway,047C05
3922,3922,ELGAR/MONT ALBERT,INT,Melway,047B10
3923,3923,ELGAR NR ERASMUS,POS,Melway,047A12
3924,3924,RIVERSDALE/PARK/ELGAR,INT,Melway,061A02
3925,3925,RIVERSDALE/ELGAR,INT,Melway,061A03
3926,3926,STATION/WOODHOUSE,INT,Melway,047E05
3927,3927,STATION/THAMES,INT,Melway,047D08
3928,3928,STATION NR HILL,POS,Melway,061C01
3929,3929,STATION NR DUNCAN,POS,Melway,061C02
3930,3930,STATION/RIVERSDALE,INT,Melway,061C03
3932,3932,BELMORE NR McCOLL,POS,Melway,047A05
3933,3933,RIVERSDALE NR ALANDALE,POS,Melway,060J02
3934,3934,ELGAR NR SEVERN,POS,Melway,047B07
3935,3935,HUNTINGDALE/HIGHBURY/GILLARD,INT,Melway,061B07
3936,3936,BERESFORD NR EARLE,POS,Melway,046K09
3937,3937,STATION/HIGHBURY,INT,Melway,061C08
3939,3939,STATION/CARRINGTON/RUTLAND,INT,Melway,047D10
3940,3940,ELGAR/CARRINGTON,INT,Melway,047B09
3941,3941,STATION/ELEY,INT,Melway,061C04
3942,3942,HIGHBURY NR MONTPELLIER,POS,Melway,060K07
3943,3943,ELGAR/ARNOLD,INT,Melway,047B08
3944,3944,HIGHBURY NR HARRISON (FIRE STN),FIRE W/W,Melway,060H07
3945,3945,PLENTY NR BETHANY,FIRE SIG,Melway,183G11
3946,3946,PLENTY/MCDONALDS/GORGE,INT,Melway,183F12
3947,3947,ARDEN/LAURENS,INT,Melway,2AE08
3948,3948,FAIRBANK NR FURY,INT,,
3949,3949,MARTIN NR SPINK,FLASH PX,Melway,067G07
3950,3950,NEW/MARTIN,INT,Melway,067E06
3951,3951,BAY/NEW/BARKLY,INT,Melway,067D09
3952,3952,NEW NR CADBY,POS,Melway,067D10
3953,3953,NEW NR WINDERMERE,POS,Melway,076E02
3954,3954,BAY NR WILLANSBY,POS,Melway,067G09
3955,3955,DURRANT NR MALE,POS,Melway,067G10
3957,3957,DENDY/HAMPTON,INT,Melway,076G01
3958,3958,HAMPTON NR WERE,POS,Melway,076G03
3959,3959,CENTRE/THOMAS,INT,Melway,068A12
3960,3960,CENTRE/HAMPTON,INT,Melway,067G11
3961,3961,HAWTHORN NR CHARLES,POS,Melway,067K09
3962,3962,HAWTHORN NR CLIVE,POS,Melway,067K11
3963,3963,FORSTER/RICKETTS/HARDNER,INT,Melway,070E06
3964,3964,CAMP/ MAYGAR / CSL ACCESS,INT,Melway,007C09
3965,3965,RESERVE NR GLENWOOD,POS,Melway,086C06
3966,3966,FRANKLIN NR QUEEN,FLASH PX,Melway,2FC01
3967,3967,DOCKLANDS/DOEPEL/WATERFRONT,INT,Melway,
3969,3969,CAMP RD/NORTHCORP BLD,INT,Melway,007E10
3971,3971,ORRONG NR SYDNEY,POS,Melway,58J6
3972,3972,WHITEMAN NR QUEENSBRIDGE,FLASH PX,Melway,2FC09
3973,3973,LINLITHGOW NR ST KILDA,POS,Melway,2FJ08
3975,3975,EDGARS RD / KINGSWAY DR,INT,Melway,008G03
3976,3976,PLENTY/OLD PLENTY,INT,Melway,183G10
3977,3977,BURKE/MONT ALBERT,INT,Melway,045J09
3978,3978,CAMP NR HARTLEY (FIRE STN),FIRE W/W,Melway,006K09
3979,3979,RIVERSDALE/FAIRHOLM,INT,Melway,059J01
3980,3980,BARRY/BLAIR,INT,Melway,007A03
3981,3981,BARRY/KING/MAFFRA,INT,Melway,007C04
3982,3982,EDGARS/BARRY,INT,Melway,008F06
3983,3983,BARRY NR DUNSTAN,POS,Melway,007D04
3984,3984,CAMP NR JOSEPH,POS,Melway,006H09
3985,3985,CAMP/BLAIR/WIDFORD,INT,Melway,006J09
3986,3986,CAMP NR SMILEY,POS,Melway,007A09
3987,3987,JOHNSTONE NR SORRENTO,POS,Melway,006F08
3988,3988,GLENROY/WHEATSHEAF/HART'TON,INT,Melway,016H02
3989,3989,SIMPLOT ACCESS/LLOYD,INT,Melway,043A04
3990,3990,BLAIR NR KING WILLIAM,POS,Melway,006K07
3991,3991,BLAIR NR KIEWA,POS,Melway,006K06
3992,3992,RALEIGH NR RIDDELL,POS,Melway,006B07
3993,3993,BOUNDARY/CUMBERLAND,INT,Melway,017C05
3994,3994,MAHONEYS NR CHEVIOT,POS,Melway,007H10
3995,3995,DIMBOOLA/PEARCEDALE,INT,Melway,006G08
3996,3996,BARRY/FORD ENTRANCE,INT,Melway,007E04
3997,3997,CAMP/MAIN,INT,Melway,007D10
3998,3998,JOHNSTONE/PEARCEDALE,INT,Melway,006G08
3999,3999,BROADMEADOWS/SHARPS/BARRIE,INT,Melway,015J03
4000,4000,MELVILLE/MORELAND,INT,Melway,029D03
4001,4001,SYDNEY/MORELAND,INT,Melway,029H04
4002,4002,MORELAND NR DE CARLE,POS,Melway,029H04
4003,4003,MORELAND NR BARROW,POS,Melway,029J04
4004,4004,NICHOLSON/MORELAND/HOLMES,INT,Melway,029K04
4005,4005,MELVILLE/ALBION,INT,Melway,029D05
4006,4006,SYDNEY/ALBION,INT,Melway,029H05
4007,4007,LYGON/ALBION/HOLMES,INT,Melway,029K06
4008,4008,MELVILLE/VICTORIA,INT,Melway,029C06
4009,4009,VICTORIA/PEARSON,INT,Melway,029E07
4010,4010,SYDNEY/BLYTH,INT,Melway,029G07
4011,4011,SYDNEY/VICTORIA,INT,Melway,029G07
4012,4012,TOORAK/CAMBERWELL                DD 4046,INT,Melway,060C06
4013,4013,SYDNEY/ALBERT,INT,Melway,029G08
4014,4014,SYDNEY/GLENLYON/DAWSON,INT,Melway,029G08
4015,4015,MELVILLE/DAWSON,INT,Melway,029C08
4016,4016,DAWSON/GRANTHAM,INT,Melway,029E08
4017,4017,LYGON/BLYTH,INT,Melway,029K07
4018,4018,LYGON/VICTORIA,INT,Melway,029K07
4019,4019,LYGON NR ALBERT,POS,Melway,029K08
4020,4020,LYGON/GLENLYON,INT,Melway,029K09
4021,4021,LYGON NR WESTON,POS,Melway,029J09
4022,4022,SYDNEY/WESTON,INT,Melway,029G09
4023,4023,NICHOLSON/ARTHURTON/BLYTH,INT,Melway,030A07
4024,4024,NICHOLSON/GLENLYON,INT,Melway,030A09
4025,4025,NICHOLSON NR MILLER,POS,Melway,030A10
4026,4026,GLENLYON NR GARDEN,POS,Melway,029H08
4027,4027,SOUTH DALY NR COLLIER,POS,Melway,029C08
4028,4028,HOLMES NR DONALD,POS,Melway,029K05
4029,4029,MELVILLE/HOPE,INT,Melway,029C06
4030,4030,BURKE/DONCASTER/KILBY/HIGH,INT,Melway,045K02
4031,4031,BURKE NR KEW HIGH SCHOOL,POS,Melway,045K03
4032,4032,BURKE/BELMORE/HARP,INT,Melway,045K04
4033,4033,BURKE NR TREGARRON,POS,Melway,045K07
4034,4034,BURKE/COTHAM/WHITEHORSE,INT,Melway,045K07
4035,4035,BURKE/BARKERS/MONT ALBERT,INT,Melway,045J09
4037,4037,BURKE NR TORRINGTON,POS,Melway,045J09
4038,4038,BURKE/HAROLD/PROSPECT HILL,INT,Melway,045J12
4039,4039,BURKE NR BURKE AVE (RIVERSDALE),POS,Melway,045J12
4040,4040,BURKE/CAMBERWELL/RIVERSDALE,INT,Melway,059J01
4041,4041,BURKE NR CAMPBELL,POS,Melway,059J01
4042,4042,BURKE/PLEASANT/SEYMOUR,INT,Melway,059J02
4043,4043,BURKE/TOORAK,INT,Melway,059H05
4044,4044,TOORAK NR BOWEN,POS,Melway,059K05
4045,4045,TOORAK/GLEN IRIS,INT,Melway,060A05
4046,4046,TOORAK/SUMMERHILL,INT,Melway,060C06
4047,4047,GLADSTONE NR PRATT,POS,Melway,028H08
4048,4048,TOORAK/HIGHFIELD/LITHGOW,INT,Melway,060D05
4049,4049,TOORAK NR GRANDVIEW,POS,Melway,060E06
4050,4050,TOORAK NR MYRNIONG & QUEENS,POS,Melway,060G06
4051,4051,DONCASTER/BULLEEN/SEVERN,INT,Melway,046B02
4052,4052,DONCASTER NR MARWAL,POS,Melway,046B02
4053,4053,DONCASTER NR BUCHANAN,POS,Melway,046D03
4054,4054,BULLEEN NR HILLVIEW,INT,Melway,032D12
4055,4055,BULLEEN NR LEONIS,POS,Melway,032D11
4056,4056,BELMORE NR BUCHANAN,POS,Melway,046C05
4057,4057,BALWYN/BELMORE,INT,Melway,046E05
4058,4058,BELMORE NR ALANDALE,POS,Melway,046F05
4059,4059,BELMORE/GREYTHORN,INT,Melway,046H05
4060,4060,GREYTHORN NR YENEDA,POS,Melway,046H05
4061,4061,WHITEHORSE NR BARNSBURY,POS,Melway,046A07
4062,4062,WHITEHORSE NR PARKSIDE,POS,Melway,046B07
4063,4063,WHITEHORSE/BALWYN,INT,Melway,046D08
4064,4064,WHITEHORSE NR BRENBEAL,POS,Melway,046F08
4065,4065,MONT ALBERT NR RUBENS,POS,Melway,046A10
4066,4066,BALWYN/MONT ALBERT,INT,Melway,046D09
4067,4067,MONT ALBERT NR BENSON,POS,Melway,046G09
4068,4068,MONT ALBERT/UNION,INT,Melway,046H10
4069,4069,BALWYN NR MILLAH,POS,Melway,046D08
4070,4070,KOOYONG/ALMA,INT,Melway,058K10
4071,4071,INKERMAN/KOOYONG,INT,Melway,058K11
4072,4072,HAWTHORN/INKERMAN,INT,Melway,059B11
4073,4073,BALACLAVA/ORRONG,INT,Melway,058H11
4074,4074,BALACLAVA/KOOYONG,INT,Melway,058K12
4075,4075,BALACLAVA/HAWTHORN,INT,Melway,059B12
4076,4076,BALACLAVA/KAMBROOK,INT,Melway,059D12
4077,4077,BALACLAVA/NORMANBY,INT,Melway,059D12
4078,4078,ORRONG/GLEN EIRA,INT,Melway,067H01
4079,4079,GLEN EIRA/KOOYONG,INT,Melway,067K02
4080,4080,HAWTHORN/GLEN EIRA,INT,Melway,068A02
4081,4081,BAMBRA/GLEN EIRA,INT,Melway,068C02
4082,4082,BOORAN/NEERIM,INT,Melway,068E04
4084,4084,KOORNANG/NEERIM,INT,Melway,068J04
4085,4085,MURRUMBEENA/NEERIM,INT,Melway,069A05
4086,4086,POATH/NEERIM,INT,Melway,069C05
4087,4087,GLENHUNTLY NR GORDON,POS,Melway,067F03
4088,4088,GLENHUNTLY/ORRONG,INT,Melway,067G03
4089,4089,GLENHUNTLY/KOOYONG,INT,Melway,067J04
4090,4090,GLENHUNTLY NR CEDAR,POS,Melway,068A04
4091,4091,HAWTHORN/GLENHUNTLY,INT,Melway,068A04
4092,4092,GLENHUNTLY/BAMBRA,INT,Melway,068B04
4093,4093,GLENHUNTLY/BOORAN,INT,Melway,068D04
4094,4094,ORRONG NR MERTON,POS,Melway,067H01
4095,4095,KOOYONG NR CRIMEA,POS,Melway,058K11
4096,4096,BALACLAVA NR KINROSS,POS,Melway,059A12
4097,4097,HAWTHORN NR ELLINGTON,POS,Melway,068A06
4098,4098,BAMBRA NR BUNDEERA,POS,Melway,068B06
4099,4099,KOORNANG/TRUGANINI,INT,Melway,068J06
4100,4100,MURRUMBEENA NR OAKLEIGH,POS,Melway,069A07
4101,4101,POATH/RAILWAY/WILLESDEN,INT,Melway,069C06
4102,4102,KOORNANG NR JERSEY PDE,POS,Melway,068J04
4103,4103,INKERMAN/ORRONG,INT,Melway,058H11
4104,4104,KOOYONG NR ALLISON,POS,,
4105,4105,ORRONG/ALMA,INT,Melway,058H10
4106,4106,GLENHUNTLY/TRUGANINI,INT,Melway,068H05
4107,4107,YAN YEAN/IRONBARK,INT,Melway,184F08
4108,4108,GLEN EIRA NR ST GEORGES,POS,Melway,067G01
4109,4109,GLENHUNTLY NR CARRE,POS,Melway,067G03
4110,4110,SUSSEX NR KENT,FLASH PX,Melway,1.7E+08
4111,4111,BOUNDARY/SUSSEX,INT,Melway,017E06
4112,4112,GAFFNEY/CUMBERLAND,INT,Melway,017B10
4113,4113,GAFFNEY NR LANDELLS,POS,Melway,017C09
4114,4114,GAFFNEY/DERBY,INT,Melway,017D10
4115,4115,SYDNEY/GAFFNEY/MURRAY,INT,Melway,017H10
4116,4116,MURRAY/CHAMP,INT,Melway,017J10
4117,4117,MURRAY/NEWLANDS,INT,Melway,017K10
4118,4118,MURRAY NR COBURG POOL,POS,Melway,017K10
4119,4119,MURRAY/ELIZABETH,INT,Melway,018B11
4120,4120,OHEA NR BISHOP,POS,Melway,017D11
4121,4121,SYDNEY/O'HEAS,INT,Melway,017G11
4122,4122,REYNARD NR MITCHELL,POS,Melway,029B01
4123,4123,REYNOLDS/REYNARD/COONANS,INT,Melway,029B01
4124,4124,MELVILLE/REYNARD,INT,Melway,029C02
4125,4125,REYNARD NR BRUCE,POS,Melway,029D02
4126,4126,SYDNEY/REYNARD/EDWARD,INT,Melway,029H02
4127,4127,CUMBERLAND NR OLIVE,POS,Melway,017B09
4128,4128,SYDNEY/URQUHART,INT,Melway,017J12
4129,4129,SYDNEY NR VICTORIA ST MALL,POS,Melway,029H01
4130,4130,SYDNEY/HARDING/MUNRO,INT,Melway,029H01
4131,4131,SYDNEY NR THE AVENUE,POS,Melway,029H03
4132,4132,NICHOLSON/HARDING,INT,Melway,030A01
4133,4133,ELIZABETH NR MURPHY,POS,,018B09
4134,4134,BAKERS NR CATHERINE,POS,Melway,017G08
4135,4135,DERBY NR KENT,POS,Melway,017D06
4136,4136,GAFFNEY NR MOLESWORTH,POS,Melway,017G10
4137,4137,NEWLANDS NR CARR,FLASH PX,Melway,017K09
4138,4138,NICHOLSON NR RENNIE,POS,Melway,030A03
4139,4139,WATERFIELD NR BELL,FLASH PX,Melway,017H12
4140,4140,HODDLE/QUEENS,INT,Melway,030E12
4142,4142,WELLINGTON/LANGRIDGE,INT,Melway,2C-E11
4143,4143,SMITH NR CHARLES,POS,Melway,2C-D10
4144,4144,GERTRUDE/LANGRIDGE/SMITH,INT,Melway,2C-D11
4145,4145,HODDLE/ROSENEATH/SOUTH TCE,INT,Melway,2C-J04
4146,4146,HODDLE/RAMSDEN/NORTH TCE,INT,Melway,2C-J02
4147,4147,NICHOLSON/GIPPS,INT,Melway,2C-K11
4148,4148,WELLINGTON NR OTTER,POS,Melway,2C-F09
4149,4149,JOHNSTON/GOLD/DIGHT,INT,Melway,2C-G07
4150,4150,BURNLEY/BARKLY,INT,Melway,2H-D12
4151,4151,NICHOLSON NR VERE,FLASH PX,Melway,2C-K10
4152,4152,CHURCH NR GIBBONS,POS,Melway,2G-K11
4153,4153,BURNLEY NR BOYD,POS,Melway,2H-E08
4154,4154,VICTORIA NR CHARLES,POS,Melway,2G-J01
4155,4155,HIGH NR WALKER,POS,Melway,030E12
4157,4157,HIGH NR UNION,POS,Melway,030E10
4158,4158,MURRAY/STOCKADE,INT,Melway,017J10
4159,4159,CITY NR FANNING,POS,Melway,2F-F07
4160,4160,ST GEORGES NR KEMP,POS,Melway,030D06
4161,4161,GRATTAN ST NR BERKELEY ST,POS,Melway,2B-C08
4162,4162,PEEL NR VICTORIA,POS,Melway,043F06
4163,4163,DOCKLANDS/PEARL RIVER ROAD,INT,,
4164,4164,MAIN/COLLINS/HYDE,INT,Melway,011K05
4165,4165,PLENTY/PARADE COLLEGE,INT,Melway,010A10
4166,4166,PLENTY/GREENHILLS,INT,Melway,009K11
4167,4167,DIAMOND CREEK NR SUNRISE,POS,Melway,011C08
4169,4169,PLENTY/METROPOLITAN RING RD,INT,Melway,010A09
4170,4170,GRIMSHAW NR BALAKA,POS,Melway,020A01
4171,4171,GRIMSHAW NR PATRICIA,POS,Melway,020B01
4172,4172,GRIMSHAW/WATSONIA/MACORNA,INT,Melway,020E02
4173,4173,WATSONIA NR NELL,POS,Melway,020E03
4174,4174,THE CIRCUIT NR HAILES,POS,Melway,020K01
4175,4175,GREENWOOD NR MAPLE,POS,Melway,019K02
4176,4176,DIAMOND CREEK/YAN YEAN/AQUEDUCT,INT,Melway,011D07
4177,4177,WATSONIA NR GRACE,POS,Melway,020E04
4178,4178,GRIMSHAW NR DENDARYL,POS,Melway,020D01
4180,4180,THE CIRCUIT/VALLEY CENTRAL/HAILES ST E,INT,Melway,020K01
4181,4181,PLENTY/GREENWOOD,INT,Melway,019H03
4182,4182,GRIMSHAW NR JESSOP,FIRE W/W,Melway,020H02
4183,4183,PLENTY NR LARUNDEL,POS,Melway,019G04
4184,4184,PLENTY/MAIN DRIVE,INT,Melway,019F05
4185,4185,WATTLETREE NR ELTHAM NTH PS,POS,Melway,021K01
4186,4186,PARA/FLINTOFF,INT,Melway,020K02
4187,4187,GRIMSHAW/GREENSBOROUGH BYPASS,INT,Melway,020F02
4188,4188,GRIMSHAW/CONCORDE,INT,Melway,020B01
4189,4189,HURSTBRIDGE-MAIN/SHOPPING CENTRE ACCESS,INT,Melway,012B06
4190,4190,NAPIER/WOODLANDS,INT,Melway,016H12
4191,4191,KEILOR NR GILLIES,POS,Melway,016D12
4192,4192,NAPIER NR LLOYD,POS,Melway,016H11
4193,4193,KEILOR NR MT ALEXANDER,POS,Melway,028E01
4194,4194,HOFFMANS NR SPENCER,POS,Melway,028A01
4195,4195,LINCOLN NR FLORENCE,POS,Melway,028E03
4196,4196,BUCKLEY/COOPER/FAWKNER,INT,Melway,028C04
4197,4197,BUCKLEY NR McCRACKEN,POS,Melway,028D04
4198,4198,BUCKLEY/WAVERLEY/LINCOLN,INT,Melway,028E04
4199,4199,WAVERLEY/HOLMES,INT,Melway,028E07
4200,4200,PUCKLE NR PRATT,POS,Melway,028H07
4201,4201,RALEIGH RD NR WOODS,POS,Melway,028D08
4202,4202,MARIBYRNONG/ORFORD/WALTER,INT,Melway,028D08
4203,4203,MARIBYRNONG/EPSOM/SCOTIA,INT,Melway,028E08
4204,4204,MARIBYRNONG/UNION,INT,Melway,028G08
4205,4205,MARIBYRNONG/ASCOT VALE,INT,Melway,028J09
4206,4206,MT ALEXANDER/ORMOND/MARIBRYNONG,INT,Melway,028J09
4207,4207,EPSOM NR DONCASTER,POS,Melway,028F10
4208,4208,UNION NR BLOOMFIELD,POS,Melway,028G10
4209,4209,UNION NR BURROWS,POS,Melway,028G10
4210,4210,ST GEORGES NR CLAUSCEN,POS,Melway,030C10
4211,4211,MARIBYRNONG NR LENNOX & BOWEN,POS,Melway,028E08
4212,4212,ST GEORGES/HOLDEN,INT,Melway,030C11
4213,4213,HOLDEN NR DEAN,POS,Melway,030B10
4214,4214,ST GEORGES/SCOTCHMER,INT,Melway,030B12
4215,4215,ST GEORGES NR REID,POS,Melway,030B12
4216,4216,BRUNSWICK/GERTRUDE,INT,Melway,2C-A11
4217,4217,BRUNSWICK NR LEICESTER,POS,Melway,2C-B05
4218,4218,VICTORIA/SMITH,INT,Melway,2G-D01
4219,4219,BRUNSWICK NR CHURCH,POS,Melway,2C-C01
4220,4220,BRUNSWICK NR PALMER,POS,Melway,2C-A10
4221,4221,BRUNSWICK NR HANOVER,POS,Melway,2C-A09
4222,4222,GERTRUDE NR NAPIER,POS,Melway,2C-B11
4223,4223,NICHOLSON NR FREEMAN,POS,Melway,2C-A02
4224,4224,SWAN/YARRA/AMRAD,INT,Melway,044K11
4226,4226,ST GEORGES NR PARK,POS,Melway,030B11
4227,4227,RUSHALL NR ROWE,POS,Melway,030D12
4228,4228,SMITH NR ST DAVID,POS,Melway,2C-D09
4229,4229,SOMERVILLE NR POWELL,POS,Melway,041K08
4230,4230,WILLIAMSTOWN/FRANCIS,INT,Melway,041J10
4231,4231,NAPIER/WHITEHALL,INT,Melway,042D06
4232,4232,HYDE/NAPIER,INT,Melway,042C05
4233,4233,BUCKLEY/NICHOLSON,INT,Melway,042C05
4234,4234,ALBERT/BUCKLEY,INT,Melway,042C05
4235,4235,BUCKLEY/VICTORIA,INT,Melway,042B05
4236,4236,HOPKINS/WHITEHALL,INT,Melway,042E04
4237,4237,HOPKINS/IRVING/MOORE,INT,Melway,042D04
4238,4238,BARKLY/DROOP/HOPKINS/NICHOLS,INT,Melway,042C04
4239,4239,BUCKLEY NR ARRAN,POS,Melway,042C05
4240,4240,BARKLY/GORDON,INT,Melway,042A04
4241,4241,GORDON NR SHEPHERD,POS,Melway,042A03
4242,4242,BUCKLEY NR CUTHBERT,POS,Melway,042A05
4243,4243,ALBERT/IRVING,INT,Melway,042C05
4244,4244,NICHOLSON/IRVING,INT,Melway,042C05
4245,4245,IRVING/LEEDS,INT,Melway,042C05
4246,4246,BARKLY NR VICTORIA,POS,Melway,042B04
4247,4247,HOPKINS/LEEDS,INT,Melway,042D05
4248,4248,BARKLY NR WARLEIGH,INT,Melway,041J04
4249,4249,WILLIAMSTOWN/CHARLES/DICKSON,INT,Melway,041K06
4250,4250,SOMERVILLE NR BISHOP,POS,Melway,041H07
4251,4251,WILLIAMSTOWN/SOMERVILLE,INT,Melway,041K08
4252,4252,SOMERVILLE/GAMON,INT,Melway,042A08
4253,4253,BARKLY NR ARGYLE,POS,Melway,041H03
4254,4254,FRANCIS/WEMBLEY,INT,Melway,041G09
4255,4255,FRANCIS/STEPHEN,INT,Melway,042B10
4256,4256,PAISLEY/FRENCH,INT,Melway,042C04
4257,4257,WILLIAMSTOWN/ANDERSON,INT,Melway,041K08
4258,4258,WILLIAMSTOWN NR CASTLE,POS,Melway,041K09
4259,4259,BARKLY NR CLARKE,POS,Melway,041H03
4260,4260,AUBURN/RATHMINES/LIDDIARD,INT,Melway,045F10
4261,4261,RATHMINES NR STANLEY,POS,Melway,045G10
4262,4262,BURWOOD/CHURCH,INT,Melway,2H-J07
4263,4263,BURWOOD/POWER,INT,Melway,045B10
4264,4264,BURWOOD/GLENFERRIE,INT,Melway,045D10
4265,4265,BURWOOD NR LAUNDER,POS,Melway,045E10
4266,4266,BURWOOD/AUBURN,INT,Melway,045F11
4267,4267,CAMBERWELL/HAROLD,INT,Melway,045H12
4268,4268,POWER/RIVERSDALE/WALLEN,INT,Melway,045B12
4269,4269,RIVERSDALE NR FORDHOLM,POS,Melway,045C12
4270,4270,GLENFERRIE/RIVERSDALE,INT,Melway,045D12
4271,4271,AUBURN/RIVERSDALE,INT,Melway,045F12
4272,4272,RIVERSDALE/TOORONGA,INT,Melway,045G12
4273,4273,TOORAK/TOORONGA,INT,Melway,059F05
4274,4274,GLENFERRIE NR URQUHART,POS,Melway,045D11
4275,4275,GLENFERRIE/CALLANTINA,INT,Melway,059D01
4276,4276,AUBURN NR AIREDALE,POS,Melway,059F02
4277,4277,TOORONGA NR BURGESS,POS,Melway,059F03
4278,4278,RIVERSDALE NR KOOYONGKOOT,POS,Melway,045E12
4279,4279,BURWOOD NR MORANG,POS,Melway,045A10
4280,4280,BURWOOD/WILLIAM,INT,Melway,045E10
4281,4281,CAMBERWELL NR MAYSTON,POS,Melway,045G11
4282,4282,CHURCH NR GROVE,POS,Melway,045A08
4283,4283,TOORAK/TOORONGA OFFICE PARK,INT,Melway,059G05
4284,4284,GLENFERRIE / WAKEFIELD,INT,Melway,045D10
4285,4285,BURWOOD/CAMBERWELL,INT,Melway,045G11
4286,4286,AUBURN NR CATO,POS,Melway,059E04
4287,4287,TOORONGA NR CAMPBELL,POS,Melway,059G01
4289,4289,BURWOOD NR BARTON,POS,Melway,045A10
4290,4290,KINGSBURY/RUTHVEN/WAIORA/ORR,INT,Melway,019K09
4291,4291,RUTHVEN NR BELLEVUE,POS,Melway,020A09
4292,4292,WATERDALE/DOUGHARTY,INT,Melway,019G10
4293,4293,WAIORA/DOUGHARTY,INT,Melway,019K10
4294,4294,SOUTHERN/LIBERTY,INT,Melway,019D12
4295,4295,SOUTHERN/ORIEL,INT,Melway,019F12
4296,4296,SOUTHERN/WATERDALE,INT,Melway,019G12
4297,4297,SOUTHERN/WAIORA,INT,Melway,031J01
4298,4298,UPPER HEIDELBERG NR BROWN,POS,Melway,031J03
4299,4299,BANKSIA/WATERDALE,INT,Melway,031F04
4300,4300,BANKSIA/UPPER HEIDELBERG,INT,Melway,031H05
4301,4301,BANKSIA/STUDLEY,INT,Melway,031J05
4302,4302,ORIEL NR BANKSIA,POS,Melway,031E04
4303,4303,ORIEL/LIVINGSTONE,INT,Melway,031D07
4304,4304,WATERDALE NR LOWE,POS,Melway,031F07
4305,4305,UPPER HEIDELBERG/WATERDALE/LIVINGSTONE,INT,Melway,031F07
4306,4306,UPPER HEIDELBERG NR ST ELMO,POS,Melway,031F07
4307,4307,BURKE/MCARTHUR,INT,Melway,032A10
4309,4309,KEILOR NR RYDER,FLASH PX,Melway,016A10
4310,4310,KEILOR NR MATTHEWS,POS,Melway,016A11
4312,4312,MILLEARA NR CLARKS,POS,Melway,015E11
4314,4314,MILLEARA NR CHAUMONT,POS,Melway,027D04
4315,4315,MILITARY/DAVIS,INT,Melway,027D05
4316,4316,MILITARY NR CLARENDON,POS,Melway,027E07
4318,4318,MATTHEWS NR EARL,POS,,
4319,4319,MATTHEWS NR HAWKER,POS,Melway,016A07
4320,4320,HIGH NR PARK HILL,POS,Melway,045E05
4321,4321,HIGH/HARP/VALERIE,INT,Melway,045G04
4322,4322,HIGH NR KEW HIGH SCHOOL,POS,Melway,045K03
4323,4323,COTHAM/CHARLES,INT,Melway,045D06
4324,4324,COTHAM/GLENFERRIE,INT,Melway,045E06
4325,4325,COTHAM NR FLORENCE,POS,Melway,045G07
4326,4326,COTHAM NR BRADFORD,POS,Melway,045J07
4327,4327,WELLINGTON/CHARLES,INT,Melway,045D07
4328,4328,GLENFERRIE/WELLINGTON,INT,Melway,045D07
4329,4329,HIGH/STEVENSON,INT,Melway,045B07
4330,4330,GLENFERRIE NR FITZWILLIAM,POS,Melway,045D08
4331,4331,SACKVILLE NR THOMAS,POS,Melway,045G08
4332,4332,COTHAM NR JOHN,POS,Melway,045H07
4333,4333,COTHAM NR MARSHALL,POS,Melway,045F06
4334,4334,HIGH NR WALPOLE,POS,Melway,045C06
4335,4335,HIGH/CHARLES,INT,Melway,045D05
4336,4336,HIGH NR CHILDERS,POS,Melway,045F05
4337,4337,COTHAM NR HIGH,POS,Melway,045C06
4339,4339,HIGH NR WESTBROOK,POS,Melway,045H04
4340,4340,WAVERLEY/BATESFORD,INT,Melway,069E01
4341,4341,WAVERLEY/CHADSTONE,INT,Melway,069D02
4342,4342,MALVERN/WAVERLEY/BELGRAVE,INT,Melway,069A02
4343,4343,WAVERLEY/DARLING,INT,Melway,068J01
4344,4344,WAVERLEY NR MACGREGOR,POS,Melway,068H01
4345,4345,WAVERLEY NR TENNYSON,POS,Melway,068G01
4346,4346,BURKE/WAVERLEY,INT,Melway,068G01
4347,4347,MALVERN/WINTON,INT,Melway,060A12
4348,4348,MALVERN/DARLING/DENE,INT,Melway,059K11
4349,4349,MALVERN/WATTLETREE,INT,Melway,059J10
4350,4350,MALVERN/HIGH,INT,Melway,059J09
4351,4351,MALVERN/BURKE,INT,Melway,059H07
4352,4352,MALVERN NR BELMONT,POS,Melway,059G07
4353,4353,MALVERN/TOORONGA,INT,Melway,059F07
4354,4354,MALVERN NR ELIZABETH,POS,Melway,059D06
4355,4355,MALVERN/GLENFERRIE,INT,Melway,059C06
4356,4356,GLENFERRIE/TOORAK,INT,Melway,059C04
4357,4357,HIGH/GLENFERRIE,INT,Melway,059C08
4358,4358,HIGH NR NORTHBROOK,POS,Melway,059C08
4359,4359,HIGH NR PARK,POS,Melway,059D08
4360,4360,HIGH/TOORONGA,INT,Melway,059E08
4361,4361,HIGH NR VINCENT,POS,Melway,059F08
4362,4362,HIGH NR ERICA,POS,Melway,059G08
4363,4363,HIGH/BURKE,INT,Melway,059H08
4364,4364,HIGH NR WILLS,POS,Melway,059J09
4365,4365,GLENFERRIE/WATTLETREE,INT,Melway,059B09
4366,4366,WATTLETREE/COONIL,INT,Melway,059D09
4367,4367,TOORONGA/WATTLETREE,INT,Melway,059E10
4368,4368,BURKE/WATTLETREE,INT,Melway,059G10
4369,4369,BURKE/CARROLL/WILLS,INT,Melway,059H07
4370,4370,WURUNDJERI/STADIUM DR,INT,Melway,2E-J08
4372,4372,HARBOUR/BOURKE/PIGOTT,INT,Melway,2E-H06
4373,4373,FOOTSCRAY/WURUNDJERI/DOCKLANDS/HARBOUR,INT,Melway,2E-F03
4374,4374,FOOTSCRAY/APPLETON DOCK,INT,Melway,042K07
4375,4375,FOOTSCRAY/MARKET GATE 4,INT,Melway,042J06
4376,4376,FOOTSCRAY/MARKET GATE 2,INT,Melway,042H06
4377,4377,FOOTSCRAY/SWANSON DOCK/DOCK LINK (COODE),INT,Melway,042G06
4378,4378,FOOTSCRAY/FCL ACCESS,INT,Melway,042F06
4380,4380,CEMETERY/LYGON/PRINCES,INT,Melway,2B-G04
4381,4381,RATHDOWNE/PRINCES,INT,Melway,2B-H04
4382,4382,CEMETERY/COLLEGE,INT,Melway,2B-D03
4383,4383,ROYAL PDE/GATEHOUSE/COLLEGE,INT,Melway,2B-C04
4384,4384,ROYAL PDE/CEMETERY/MACARTHUR,INT,Melway,2B-C02
4385,4385,ROYAL PDE/MELBOURNE HOSPITAL ENTRANCE,INT,Melway,2B-C06
4386,4386,GRATTAN/ROYAL,INT,Melway,2B-B08
4387,4387,ELIZABETH/QUEENSBERRY ST,INT,Melway,2B-C10
4388,4388,ELIZABETH/VICTORIA ST,INT,Melway,2B-C11
4389,4389,VICTORIA/SWANSTON,INT,Melway,2B-E11
4390,4390,SWANSTON/QUEENSBERRY,INT,Melway,2B-E10
4391,4391,GRATTAN/SWANSTON,INT,Melway,2B-E08
4392,4392,SWANSTON / FARADAY,INT,Melway,2B-E07
4393,4393,SWANSTON/ELGIN,INT,Melway,2B-E06
4394,4394,GRATTAN/MELBOURNE UNIVERSITY,INT,Melway,2B-D08
4395,4395,GRATTAN/CARDIGAN,INT,Melway,2B-F08
4396,4396,GRATTAN/LYGON,INT,Melway,2B-F08
4397,4397,RATHDOWNE/GRATTAN,INT,Melway,2B-H08
4398,4398,BOUVERIE/QUEENSBERRY,INT,Melway,2B-D10
4399,4399,LYGON/QUEENSBERRY,INT,Melway,2B-F10
4400,4400,RATHDOWNE/QUEENSBERRY,INT,Melway,2B-H11
4402,4402,VICTORIA/BOUVERIE,INT,Melway,2B-D11
4403,4403,VICTORIA/CARDIGAN/FRANKLIN,INT,Melway,2B-E11
4404,4404,VICTORIA/LYGON,INT,Melway,2B-F12
4405,4405,VICTORIA/RATHDOWNE,INT,Melway,2B-G12
4406,4406,VICTORIA/NICHOLSON,INT,Melway,2BJ12
4407,4407,LYGON/FARADAY,INT,Melway,2B-G07
4408,4408,LYGON/ELGIN,INT,Melway,2B-G06
4409,4409,RATHDOWNE/ELGIN,INT,Melway,2B-H06
4410,4410,CANNING/ELGIN,INT,Melway,2B-J06
4411,4411,RATHDOWNE NR PALMERSTON,POS,Melway,2B-H06
4412,4412,PLENTY/MERNDA VILLAGE,INT,Melway,390J08
4413,4413,LYGON NR PELHAM,POS,Melway,2B-F09
4414,4414,LYGON NR LYTTON,POS,Melway,2B-G05
4415,4415,PRINCES NR CANNING,POS,Melway,2B-K04
4416,4416,RATHDOWNE NR PELHAM,POS,Melway,2B-H09
4417,4417,RATHDOWNE NR NEILL,POS,Melway,2B-H05
4418,4418,RATHDOWNE NR PRINCES,POS,Melway,2B-H04
4419,4419,NICHOLSON/GERTRUDE,INT,Melway,2B-K11
4420,4420,NICHOLSON NR BELL,POS,Melway,2B-K08
4421,4421,NICHOLSON/SCOTCHMER/PIGDON,INT,Melway,030A11
4422,4422,RATHDOWNE/PIGDON,INT,Melway,029K11
4423,4423,LYGON/PIGDON,INT,Melway,029J11
4424,4424,LYGON NR RICHARDSON,POS,Melway,029J12
4425,4425,GRATTAN/BOUVERIE,INT,Melway,2B-D08
4426,4426,NICHOLSON/RICHARDSON/REID,INT,Melway,030A12
4427,4427,NICHOLSON NR KAY,POS,Melway,2B-K05
4428,4428,NICHOLSON NR HANOVER,POS,Melway,2B-K09
4429,4429,RATHDOWNE NR NEWRY,POS,Melway,2B-J02
4430,4430,MALVERN/BELGRAVE,INT,Melway,069A02
4431,4431,BURKE NR CARROLL,POS,Melway,059H07
4432,4432,WAVERLEY NR ALMA (MOONEE VALLEY),POS,Melway,028E05
4433,4433,HAMPSHIRE NR SERVICE,POS,Melway,026H12
4434,4434,FOOTSCRAY/GATE E (NEW),INT,Melway,2E-D02
4435,4435,FOOTSCRAY/WESTERN LINK STH-BND OFF RAMP,INT,Melway,2E-C01
4436,4436,DOCKLANDS/WESTERN LINK NB ON & OFF RAMP,INT,Melway,2E-A01
4437,4437,WURUNDJERI/BOURKE,INT,Melway,2E-J06
4438,4438,LITTLE CHAPEL NR PRINCES,FLASH PX,Melway,2L-J11
4440,4440,ALBERT NR EADES,POS,Melway,2G-C01
4441,4441,VICTORIA/BRUNSWICK/GISBORNE,INT,Melway,2C-A12
4442,4442,BRAY NR GREY,FLASH PX,Melway,2L-J09
4443,4443,VICTORIA/WELLINGTON,INT,Melway,2G-E01
4444,4444,ALBERT/NICHOLSON/LONSDALE,INT,Melway,2F-J01
4445,4445,ALBERT/GISBORNE,INT,Melway,2F-K01
4446,4446,ALBERT/LANSDOWNE,INT,Melway,2G-B01
4447,4447,ALBERT/CLARENDON,INT,Melway,2G-D01
4448,4448,ALBERT/POWLETT,INT,Melway,2G-E02
4449,4449,ALBERT/SIMPSON,INT,Melway,2G-F02
4450,4450,MACARTHUR NR ST ANDREWS PL,POS,Melway,2F-K02
4451,4451,WELLINGTON PDE S./JOLIMONT,INT,Melway,2G-C05
4452,4452,WELLINGTON NR AGNES,POS,Melway,2G-B05
4453,4453,WELLINGTON/POWLETT,INT,Melway,2G-E05
4454,4454,WELLINGTON/LANSDOWNE,INT,Melway,2G-A04
4455,4455,VICTORIA/LANSDOWNE,INT,Melway,2C-B12
4456,4456,FLEMINGTON RD/VILLIERS (ROYAL MELB HOSP),INT,Melway,2B-A07
4457,4457,WELLINGTON NR SIMPSON,POS,Melway,2G-F05
4458,4458,FOOTSCRAY/GATE F (STA ENTRANCE NO.1),INT,Melway,2E-B01
4460,4460,FLEMINGTON/CHURCH,INT,Melway,2A-E01
4461,4461,FLEMINGTON/RACECOURSE/ELLIOT,INT,Melway,2A-E02
4462,4462,FLEMINGTON NR MELROSE,POS,Melway,2A-F03
4463,4463,FLEMINGTON/ABBOTSFORD,INT,Melway,2A-H04
4464,4464,FLEMINGTON NR CHILDREN'S HOS,POS,Melway,2A-J05
4465,4465,FLEMINGTON/GATEHOUSE/HARKER,INT,Melway,2A-J06
4466,4466,FLEMINGTON/GRATTAN/WRECKYN,INT,Melway,2B-A08
4467,4467,ELLIOT/TRAMWAY CROSSING,INT,Melway,2A-J02
4468,4468,FLEMINGTON NR PARK DR,POS,Melway,2A-K06
4469,4469,RACECOURSE NR CROWN,POS,Melway,042H01
4470,4470,MT ALEXANDER/MOOLTAN,INT,Melway,029B12
4471,4471,MT ALEXANDER/WELLINGTON,INT,Melway,029A11
4472,4472,RACECOURSE/EASTWOOD,INT,Melway,042K01
4473,4473,RACECOURSE/WELLINGTON,INT,Melway,042K01
4474,4474,RACECOURSE/STUBBS,INT,Melway,2A-C02
4475,4475,RACECOURSE/BOUNDARY,INT,Melway,2A-D02
4476,4476,STADIUM DR/BOURKE/STADIUM STH ENTRANCE,INT,Melway,2E-H06
4477,4477,ELLIOTT/BRENS,INT,Melway,2A-G02
4478,4478,WESTERN LINK NB ENTRY / MT ALEXANDER,INT,Melway,029B12
4479,4479,MACAULAY NR HAINES,POS,Melway,2A-F07
4480,4480,MACAULAY/EPSOM/KENSINGTON,INT,Melway,042K03
4481,4481,MACAULAY NR BELLAIR,POS,Melway,042K03
4482,4482,DYNON/KENSINGTON,INT,Melway,042G05
4483,4483,DYNON/LLOYD,INT,Melway,042K05
4484,4484,MACAULAY/STUBBS,INT,Melway,2A-B05
4485,4485,MACAULAY NR LANGFORD,FLASH PX,Melway,2A-C05
4486,4486,WESTERN LINK/DYNON ON RAMP NORTH BD,INT,Melway,2A-B10
4487,4487,WESTERN LINK/DYNON OFF RAMP SOUTH BD,INT,Melway,2A-C11
4488,4488,WURUNDJERI/DUDLEY,INT,Melway,2E-G02
4489,4489,WESTGATE FWY / POWER ST,INT,Melway,2F-F10
4490,4490,BOUNDARY/MACAULAY,INT,Melway,2A-D05
4491,4491,CURZON/HAINES,INT,Melway,2A-H07
4492,4492,ARDEN/DRYBURGH/MACAULAY,INT,Melway,2A-F08
4493,4493,ARDEN/ABBOTSFORD,INT,Melway,2A-G08
4494,4494,ARDEN/CURZON,INT,Melway,2A-H08
4495,4495,ARDEN/ERROL,INT,Melway,2A-J08
4496,4496,QUEENSBERRY/ABBOTSFORD,INT,Melway,2A-G09
4497,4497,QUEENSBERRY/CURZON,INT,Melway,2A-H09
4498,4498,ERROL/QUEENSBERRY,INT,Melway,2A-J09
4499,4499,QUEENSBERRY/PEEL,INT,Melway,2B-B10
4500,4500,VICTORIA/DRYBURGH,INT,Melway,2A-F10
4501,4501,VICTORIA/ABBOTSFORD,INT,Melway,2A-G10
4502,4502,VICTORIA/KING/CURZON,INT,Melway,2A-H10
4503,4503,VICTORIA/LEVESON,INT,Melway,2A-J11
4504,4504,VICTORIA/CHETWYND,INT,Melway,2A-K11
4505,4505,VICTORIA/WILLIAM/HOWARD,INT,Melway,2B-A11
4506,4506,VICTORIA/PEEL,INT,Melway,2B-B11
4507,4507,QUEENSBERRY/CHETWYND,INT,Melway,2A-K10
4508,4508,VICTORIA NR O'CONNELL,POS,Melway,2B-B11
4509,4509,FRANKLIN NR QUEEN,FLASH PX,Melway,2F-B01
4510,4510,ELIZABETH/THERRY ST,INT,Melway,2B-C12
4511,4511,ELIZABETH/FRANKLIN ST,INT,Melway,2B-D12
4512,4512,ELIZABETH/A'BECKETT ST,INT,Melway,2F-D01
4514,4514,KING/ROSSLYN/CHETWYND,INT,Melway,2A-K12
4515,4515,LATROBE NR WURUNDJERI WAY,POS,Melway,2E-H04
4517,4517,KING/DUDLEY,INT,Melway,2E-K01
4518,4518,DRYBURGH/SPENCER/MILLER,INT,Melway,2A-F11
4519,4519,SPENCER/ABBOTSFORD,INT,Melway,2A-G11
4520,4520,SPENCER/HAWKE,INT,Melway,2A-H12
4521,4521,SPENCER/DUDLEY,INT,Melway,2E-J01
4522,4522,DUDLEY/ADDERLEY,INT,Melway,2E-H02
4523,4523,SWANSTON/FRANKLIN ST,INT,Melway,2B-E12
4524,4524,KING/HAWKE,INT,Melway,2A-H11
4525,4525,FLINDERS EXT/WORLD TRADE CENTRE ACCESS,POS,Melway,2E-K07
4526,4526,WURUNDJERI/FLINDERS,INT,Melway,2E-K08
4527,4527,WURUNDJERI/STADIUM N/E ENTRANCE,INT,Melway,2E-H03
4528,4528,BATMAN/MELB PARK NTH ACCESS,INT,Melway,2GA06
4529,4529,MELBOURNE PARK NTH ACCESS/FED SQ ACCESS,INT,Melway,2G-A06
4530,4530,SWANSTON NR YARRA RIVER,POS,Melway,2F-G06
4531,4531,ST KILDA NR CONCERT HALL,POS,Melway,2F-G06
4532,4532,ST KILDA/SOUTHBANK BLVD,INT,Melway,2F-H08
4533,4533,ST KILDA NR GRANT,POS,Melway,2F-H09
4534,4534,ST KILDA NR COVENTRY,POS,Melway,2F-J11
4535,4535,ST KILDA NR DORCAS,POS,Melway,2K-J01
4536,4536,ST KILDA/PARK/DOMAIN,INT,Melway,2K-J02
4537,4537,COMMERCIAL/IZETT,INT,Melway,2L-H09
4538,4538,ST KILDA/KINGSWAY,INT,Melway,2K-K04
4539,4539,ST KILDA/TOORAK,INT,Melway,2L-A04
4540,4540,ST KILDA/LEOPOLD,INT,Melway,2L-A07
4541,4541,ST KILDA/COMMERCIAL,INT,Melway,2L-B08
4542,4542,ST KILDA/MOUBRAY,INT,Melway,2L-B10
4543,4543,ST KILDA/HIGH/LORNE,INT,Melway,2L-C11
4544,4544,COMMERCIAL NR ALFRED HOSP,POS,Melway,2L-C09
4545,4545,TOORAK NR MILLSWYN,POS,Melway,2L-C04
4546,4546,DOMAIN NR ST KILDA RD,POS,Melway,2K-K02
4547,4547,DOMAIN NR DOMAIN ST,POS,Melway,2L-A02
4548,4548,DOMAIN/PARK/BIRDWOOD,INT,Melway,2L-D02
4549,4549,ALEXANDRA/LINLITHGOW,INT,Melway,2F-K08
4550,4550,ALEXANDRA/SWAN BRIDGE                 VM6,INT,Melway,2G-A08
4551,4551,SWAN/BATMAN,INT,Melway,2G-B08
4552,4552,ALEXANDRA/ANDERSON,INT,Melway,2G-E11
4553,4553,ST KILDA/ARTHUR/SLATER,INT,Melway,2L-A05
4554,4554,ST KILDA NR BOWEN,POS,Melway,2K-K03
4555,4555,ANDERSON NR ACLAND,POS,Melway,2L-D02
4556,4556,QUEEN/A'BECKETT,INT,Melway,2F-C01
4557,4557,BATMAN NR GATE 2 MELBOURNE PARK TENNIS C,POS,Melway,2G-A08
4558,4558,SWAN/TRAM ACCESS,INT,Melway,2G-F09
4560,4560,EXHIBITION/FLINDERS ST,INT,Melway,2F-J04
4561,4561,RUSSELL/FLINDERS ST,INT,Melway,2F-H05
4562,4562,SWANSTON/FLINDERS ST,INT,Melway,2F-G05
4563,4563,ELIZABETH/FLINDERS ST,INT,Melway,2F-F06
4564,4564,QUEEN/FLINDERS ST,INT,Melway,2F-E06
4565,4565,FLINDERS/MARKET,INT,Melway,2F-D06
4566,4566,WILLIAM/FLINDERS,INT,Melway,2F-C06
4567,4567,SPENCER/FLINDERS,INT,Melway,2F-A07
4568,4568,EXHIBITION/FLINDERS LANE,INT,Melway,2F-J04
4569,4569,RUSSELL/FLINDERS LANE,INT,Melway,2F-H04
4570,4570,SWANSTON/FLINDERS LANE,INT,Melway,2F-G05
4571,4571,ELIZABETH/FLINDERS LANE,INT,Melway,2F-E05
4572,4572,QUEEN/FLINDERS LANE,INT,Melway,2F-D06
4573,4573,WILLIAM/FLINDERS LANE,INT,Melway,2F-C06
4574,4574,KING/FLINDERS LANE,INT,Melway,2F-B06
4575,4575,SPRING/COLLINS,INT,Melway,2F-K03
4576,4576,COLLINS/EXHIBITION,INT,Melway,2F-J03
4577,4577,RUSSELL/COLLINS,INT,Melway,2F-H04
4578,4578,SWANSTON/COLLINS ST,INT,Melway,2F-F04
4579,4579,COLLINS NR ELIZABETH,POS,Melway,2F-F04
4580,4580,ELIZABETH/COLLINS,INT,Melway,2F-E05
4581,4581,QUEEN/COLLINS,INT,Melway,2F-D05
4582,4582,COLLINS/MARKET,INT,Melway,2F-D05
4583,4583,WILLIAM/COLLINS,INT,Melway,2F-C05
4584,4584,KING/COLLINS,INT,Melway,2F-B06
4585,4585,SPENCER/COLLINS,INT,Melway,2F-A06
4586,4586,EXHIBITION/LITTLE COLLINS,INT,Melway,2F-H03
4587,4587,RUSSELL/LITTLE COLLINS,INT,Melway,2F-G03
4588,4588,SWANSTON/LITTLE COLLINS ST,INT,Melway,2F-F04
4589,4589,ELIZABETH/LITTLE COLLINS ST,INT,Melway,2F-E04
4590,4590,QUEEN/LITTLE COLLINS,INT,Melway,2F-D04
4591,4591,WILLIAM/LITTLE COLLINS,INT,Melway,2F-C05
4592,4592,KING/LITTLE COLLINS,INT,Melway,2F-B05
4593,4593,SPRING/BOURKE,INT,Melway,2F-J02
4594,4594,BOURKE/EXHIBITION,INT,Melway,2F-H02
4595,4595,RUSSELL/BOURKE,INT,Melway,2F-G03
4596,4596,SWANSTON/BOURKE ST,INT,Melway,2F-F03
4597,4597,ELIZABETH/BOURKE ST,INT,Melway,2F-E04
4598,4598,BOURKE NR HARDWARE,POS,Melway,2F-D04
4599,4599,QUEEN/BOURKE,INT,Melway,2F-D04
4600,4600,WILLIAM/BOURKE,INT,Melway,2F-C04
4601,4601,KING/BOURKE ST,INT,Melway,2F-A05
4602,4602,SPENCER/BOURKE,INT,Melway,2E-K05
4603,4603,EXHIBITION/LITTLE BOURKE,INT,Melway,2F-H02
4604,4604,RUSSELL/LITTLE BOURKE,INT,Melway,2F-G02
4605,4605,SWANSTON/LITTLE BOURKE ST,INT,Melway,2F-F03
4606,4606,ELIZABETH/LITTLE BOURKE ST,INT,Melway,2F-E03
4607,4607,QUEEN/LITTLE BOURKE,INT,Melway,2F-D03
4608,4608,WILLIAM/LITTLE BOURKE,INT,Melway,2F-B04
4609,4609,KING/LITTLE BOURKE,INT,Melway,2F-A04
4610,4610,CENTRE/TUCKER,INT,Melway,077G01
4612,4612,CENTRE NR LILAC,POS,Melway,077J01
4613,4613,CENTRE/EAST BOUNDARY,INT,Melway,077J01
4614,4614,CENTRE NR BIGNELL,POS,Melway,078B02
4615,4615,CENTRE/MACKIE,INT,Melway,078B02
4616,4616,WICKHAM/ROWANS,INT,Melway,077H08
4617,4617,CHESTERVILLE/WICKHAM/KEYS,INT,Melway,077J08
4618,4618,KINGSTON/OLD DANDENONG,INT,Melway,078J11
4619,4619,BALCOMBE NR MOREY,POS,Melway,086E05
4620,4620,TUCKER NR WALNUT,POS,Melway,068H10
4621,4621,TUCKER NR HINKLER,POS,Melway,077G05
4622,4622,EAST BOUNDARY NR JULIANA,POS,Melway,068J12
4623,4623,EAST BOUNDARY NR MARGARETTA,POS,Melway,077J03
4624,4624,CHESTERVILLE/BERNARD,INT,Melway,077J10
4625,4625,CHESTERVILLE/ARGUS/TENNYSON,INT,Melway,077J11
4626,4626,CHARMAN/PARK,INT,Melway,086H01
4627,4627,CHARMAN NR GLEBE,POS,Melway,086H02
4628,4628,BERNARD NR WINGROVE,POS,Melway,077K10
4629,4629,BERNARD NR CAVANAGH,POS,Melway,078A10
4631,4631,CENTRE NR GODFREY,POS,Melway,068E12
4632,4632,KINGSTON NR BALL,POS,Melway,078D10
4633,4633,MACKIE NR BEDDOE,POS,Melway,078C01
4634,4634,STATION NR CENTRAL,POS,Melway,077D05
4635,4635,CHESTERVILLE/COCHRANES,INT,Melway,077K07
4636,4636,BOURKE/CLAYTON/OSBORNE,INT,Melway,079B07
4637,4637,CHESTERVILLE NR RADCLIFFE,POS,Melway,077J12
4638,4638,BOUNDARY NR LOWER DANDENONG,POS,Melway,088A07
4639,4639,CENTRE NR CHESTER,POS,Melway,078A02
4640,4640,BALCOMBE/CHARMAN,INT,Melway,086H05
4641,4641,BALCOMBE/SWANSTON,INT,Melway,087A06
4642,4642,LWR DANDENONG NR MCSWAIN,POS,Melway,087F06
4643,4643,COMO PDE WEST NR MENTONE PDE,POS,Melway,087A06
4644,4644,LWR DANDENONG NR IVY,POS,Melway,087E06
4645,4645,LWR DANDENONG / THRIFT PARK EXIT,INT,Melway,087C06
4646,4646,LWR DANDENONG/WARREN,INT,Melway,087G07
4647,4647,BOUNDARY/MALCOLM/WHITE,INT,Melway,087K11
4648,4648,LWR DANDENONG/DEHAVILLAND,INT,Melway,087J07
4649,4649,LWR DANDENONG/SOUTHERN,INT,Melway,087F06
4650,4650,MENTONE NR FLORENCE,FLASH PX,Melway,087A06
4651,4651,PASCOEVALE/SUNSET BVD,INT,Melway,006G10
4652,4652,DAREBIN NR ARTHUR,POS,Melway,031A07
4653,4653,GRANGE/WINGROVE,INT,Melway,031B10
4654,4654,VICTORIA/RIVER,INT,Melway,2H-H02
4655,4655,CENTRE/BRADY,INT,Melway,078A02
4656,4656,STATION/DEER PARK SHOPPING CENTRE,INT,Melway,025F03
4657,4657,HIGH NR LAWRY,POS,Melway,030F08
4659,4659,ST GEORGES NR CLARKE,POS,Melway,030D10
4660,4660,ST GEORGES/NORMANBY,INT,Melway,030D05
4661,4661,CLARENDON/HIGH/NORMANBY,INT,Melway,030F05
4662,4662,HIGH/DAREBIN,INT,Melway,030F06
4663,4663,DAREBIN NR WALES,POS,Melway,030H06
4664,4664,DAREBIN/VICTORIA,INT,Melway,030J06
4665,4665,ST GEORGES NR SUMNER,POS,Melway,030D08
4666,4666,DAREBIN NR SPARKS,POS,Melway,031B07
4667,4667,GRANGE/DAREBIN,INT,Melway,031B07
4668,4668,ST GEORGES/ARTHURTON,INT,Melway,030D08
4669,4669,HIGH/SEPARATION/ARTHURTON,INT,Melway,030F08
4670,4670,SEPARATION/VICTORIA,INT,Melway,030J08
4671,4671,GRANGE/SEPARATION,INT,Melway,031B09
4672,4672,VICTORIA/BASTINGS,INT,Melway,030H09
4673,4673,VICTORIA NR PENDER,POS,Melway,030J04
4674,4674,CLARKE NR OXFORD,POS,Melway,030H10
4675,4675,ST GEORGES/HUTTON,INT,Melway,030E04
4676,4676,ST GEORGES NR WESTBOURNE,POS,Melway,030D09
4677,4677,HIGH NR MANSFIELD,POS,Melway,030F04
4678,4678,HIGH/DENNIS,INT,Melway,030F07
4679,4679,HIGH NR MITCHELL,POS,Melway,030F08
4680,4680,HIGH NR WESTBOURNE,POS,Melway,030F09
4681,4681,HIGH/CLARKE,INT,Melway,030E10
4682,4682,HIGH/WESTGARTH,INT,Melway,030E11
4683,4683,WESTGARTH NR GREEN,POS,Melway,030G11
4684,4684,SOUTH NR WASTELL,FLASH PX,Melway,030H10
4685,4685,ST GEORGES NR BEAVERS,POS,Melway,030D07
4686,4686,ST GEORGES/MILLER,INT,Melway,030E03
4687,4687,SEPARATION/CAR PARK,INT,Melway,030F08
4688,4688,PLENTY/HAWKSTOWE,INT,Melway,183H04
4689,4689,SOUTH NR MASON,POS,Melway,030G10
4690,4690,ATHERTON NR DRUMMOND,POS,Melway,069F07
4691,4691,ATHERTON/ATKINSON/HANOVER,INT,Melway,069G07
4692,4692,CENTRE NR CAMERON,POS,Melway,078F02
4693,4693,CENTRE NR WINDSOR,POS,Melway,078H02
4694,4694,CENTRE/CLARINDA/HUNTINGDALE,INT,Melway,078J03
4695,4695,CENTRE NR MELALEUCA,POS,Melway,078K03
4697,4697,CENTRE NR AUDSLEY,POS,Melway,079D03
4698,4698,CENTRE/HAUGHTON/CARINISH,INT,Melway,079E04
4699,4699,CENTRE NR KIONGA,POS,Melway,079E04
4700,4700,CENTRE/MCNAUGHTON/KOMBI,INT,Melway,079G04
4701,4701,RAYHUR NR KOMBI,POS,Melway,079G05
4702,4702,WESTALL/FAIRBANK,INT,Melway,079G07
4703,4703,RING ROAD EAST AT MONASH UNIVERSITY,POS,Melway,070G10
4704,4704,WESTALL NR HAYDEN,POS,Melway,079G11
4705,4705,RING ROAD SOUTH AT MONASH UNIVERSITY,POS,Melway,070F11
4706,4706,FAIRBANK NR MONASH CRES,POS,Melway,079F07
4707,4707,HAUGHTON NR JOHNSON,POS,Melway,069F08
4708,4708,WAVERLEY NR SAVIO,POS,Melway,069J03
4709,4709,WAVERLEY NR POWER,POS,Melway,069K03
4710,4710,HUNTINGDALE/WAVERLEY,INT,Melway,070A03
4711,4711,SWANSTON/CEMETERY RD EAST/COLLEGE,INT,Melway,2B-F04
4712,4712,HUNTINGDALE NR HILLCREST,POS,Melway,069K04
4713,4713,HANOVER NR PORTMAN           C,FLASH PX,Melway,069G08
4714,4714,FERNTREE GULLY NR MACRINA,POS,Melway,070B07
4715,4715,FERNTREE GULLY/CLAYTON/STEPH,INT,Melway,070D07
4716,4716,FERNTREE GULLY/FORSTER/GARDN,INT,Melway,070E07
4717,4717,BLACKBURN/NORMANBY,INT,Melway,070H09
4718,4718,HUNTINGDALE NR STAFFORD,POS,Melway,069J10
4719,4719,CLARENDON NR HUNTINGDALE,FLASH PX,Melway,069J11
4720,4720,INGLES/CROCKFORD,INT,Melway,2J-H03
4721,4721,BAY/BRIDGE,INT,Melway,2J-F04
4722,4722,BAY/GRAHAM,INT,Melway,2J-E06
4723,4723,BAY/BEACH,INT,Melway,2J-D07
4724,4724,BAY NR POOL,FLASH PX,Melway,2J-F04
4725,4725,WIDFORD NR OLSEN,POS,Melway,006J10
4726,4726,CLARENDON NR MELBOURNE EXHIBITION CENTRE,POS,Melway,2F-B09
4727,4727,GRAHAM/PICKLES,INT,Melway,2J-G07
4728,4728,GRAHAM NR CLARKE,POS,Melway,2J-B03
4729,4729,PICKLES/LIARDET/RICHARDSON,INT,Melway,2JG06
4732,4732,LORIMER/SALMON,INT,Melway,042H10
4733,4733,ALBERT/LAKESIDE DRV,INT,Melway,2K-F05
4734,4734,QUEENS RD/ LINK RD,INT,Melway,2L-B11
4735,4735,LAKESIDE DR/ LINK RD,INT,Melway,2L-A11
4736,4736,HIGH / EPPING PLAZA SHOPPING ACCESS 1,INT,Melway,182A12
4737,4737,CHAPEL/DALY,INT,Melway,2L-K05
4738,4738,CHAPEL NR MADDOCK,POS,Melway,058D08
4739,4739,ALEXANDRA/WILLIAMS NTH,INT,Melway,2M-D03
4740,4740,CHAPEL/ALEXANDRA/CHURCH,INT,Melway,2L-K03
4741,4741,TOORAK NR MYRTLE,POS,Melway,2L-G05
4742,4742,TOORAK NR OSBORNE,POS,Melway,2L-H05
4743,4743,TOORAK/CHAPEL,INT,Melway,2L-K05
4744,4744,TOORAK NR SURREY,POS,Melway,2M-A06
4745,4745,TOORAK/WILLIAMS,INT,Melway,2M-D06
4746,4746,TOORAK NR MATHOURA,POS,Melway,2M-E06
4747,4747,TOORAK/GRANGE/CANTERBURY,INT,Melway,2M-F06
4748,4748,TOORAK/ORRONG,INT,Melway,2M-H07
4749,4749,TOORAK NR IRVING,POS,Melway,059A04
4750,4750,TOORAK/KOOYONG,INT,Melway,059A04
4751,4751,COMMERCIAL NR TYRONE,POS,Melway,2L-F09
4752,4752,LITTLE CHAPEL NR KING,FLASH PX,Melway,2L-J11
4753,4753,MALVERN/CHAPEL/COMMERCIAL/BRAY,INT,Melway,2L-J09
4754,4754,MALVERN/BENDIGO/SURREY,INT,Melway,2M-A10
4755,4755,MALVERN/WILLIAMS,INT,Melway,2M-C10
4756,4756,MALVERN NR A'BECKETT,POS,Melway,2M-F11
4757,4757,MALVERN/ORRONG,INT,Melway,2M-G11
4758,4758,MALVERN/CLENDON,INT,Melway,2M-H11
4759,4759,MALVERN/KOOYONG,INT,Melway,059A06
4760,4760,HIGH NR PERTH,POS,Melway,2L-F12
4761,4761,HIGH/ST EDMONDS,INT,Melway,2L-H12
4762,4762,HIGH/CHAPEL,INT,Melway,2L-H12
4763,4763,HIGH/HORNBY/BANGS,INT,Melway,2L-K12
4764,4764,HIGH/WILLIAMS,INT,Melway,058G07
4765,4765,HIGH NR HIGHBURY,POS,Melway,058H07
4766,4766,HIGH/ORRONG,INT,Melway,058K07
4767,4767,HIGH NR CHEEL,POS,Melway,058K07
4768,4768,HIGH/KOOYONG,INT,Melway,059A07
4770,4770,CHAPEL/GARDEN (*** USE 4771 ***),INT,Melway,2L-J07
4771,4771,CHAPEL/WILSON/GARDEN,INT,Melway,2L-J08
4772,4772,CHAPEL/CHATHAM/PRINCES,INT,Melway,2L-J11
4773,4773,CHAPEL NR KING,POS,Melway,2L-J11
4774,4774,CHAPEL NR UNION,POS,Melway,058D07
4775,4775,HIGH ST/BUNNINGS ACCESS RD,INT,Melway,182A12
4776,4776,FURLONG/SUNSHINE HOSPITAL ENT,INT,Melway,026D05
4777,4777,WILLIAMS NR GOOCH,POS,Melway,058F07
4778,4778,KOOYONG/WATTLETREE,INT,Melway,058K09
4779,4779,MALVERN NR CHATSWORTH,POS,Melway,2M-E10
4780,4780,SPRING/EDWARDES,INT,Melway,018H05
4781,4781,SPRING/REGENT,INT,Melway,018F09
4782,4782,ST GEORGES/MURRAY,INT,Melway,018F11
4783,4783,ST GEORGES/CRAMER,INT,Melway,018F12
4784,4784,ST GEORGES/OAKOVER,INT,Melway,030E02
4785,4785,GILBERT NR LOCKSLEY,POS,Melway,018D07
4786,4786,GILBERT/REGENT,INT,Melway,018D09
4787,4787,GILBERT/MURRAY,INT,Melway,018D11
4788,4788,GILBERT/CRAMER,INT,Melway,018D11
4789,4789,PLENTY/WOOD,INT,Melway,018J10
4790,4790,PLENTY/MURRAY,INT,Melway,018J11
4791,4791,PLENTY/GOWER,INT,Melway,018H12
4792,4792,MURRAY NR JESSIE,POS,Melway,018E11
4793,4793,MURRAY NR HIGHVIEW,POS,Melway,018K12
4794,4794,MURRAY/CHIFLEY,INT,Melway,019C12
4795,4795,BOLDREWOOD NR GENOA,POS,Melway,019A07
4796,4796,KINGSBURY/WATERDALE,INT,Melway,019G08
4797,4797,EDWARDES NR COMPTON,POS,Melway,018G05
4798,4798,GILBERT NR OAKOVER,POS,Melway,030C02
4799,4799,PLENTY NR DAVID,POS,Melway,030H01
4800,4800,BRIDGE/LENNOX,INT,Melway,2G-J06
4801,4801,BRIDGE/CHURCH,INT,Melway,2H-A06
4802,4802,BRIDGE NR RICHMOND TOWN HALL,POS,Melway,2H-B06
4803,4803,BRIDGE/COPPIN,INT,Melway,2H-C06
4805,4805,BRIDGE/BURNLEY,INT,Melway,2H-E06
4806,4806,BRIDGE NR YARRA BOULEVARD,POS,Melway,2H-H07
4807,4807,SWAN/LENNOX,INT,Melway,2G-J09
4808,4808,CHURCH/SWAN,INT,Melway,2H-A10
4809,4809,SWAN/COPPIN,INT,Melway,2H-C10
4810,4810,SWAN/BURNLEY,INT,Melway,2H-E10
4811,4811,SWAN NR STAWELL,POS,Melway,2H-F10
4812,4812,SWAN/MADDEN,INT,Melway,2H-J11
4813,4813,VICTORIA NR JAMES,POS,Melway,2G-H01
4814,4814,VICTORIA/LENNOX/NICHOLSON,INT,Melway,2G-K01
4815,4815,VICTORIA NR LITHGOW,POS,Melway,2H-A01
4816,4816,VICTORIA/CHURCH,INT,Melway,2H-B02
4817,4817,VICTORIA/SOUTH AUDLEY/MCKAY,INT,Melway,2H-C02
4818,4818,VICTORIA/JOHNSON,INT,Melway,2H-D02
4819,4819,SWAN NR WAVERLEY,POS,Melway,2G-K10
4820,4820,VICTORIA/FLOCKHART,INT,Melway,2H-E02
4821,4821,VICTORIA/BURNLEY/WALMER,INT,Melway,2H-F02
4822,4822,ELIZABETH/LENNOX,INT,Melway,2G-K02
4823,4823,ELIZABETH NR WILLIAMS,POS,Melway,2G-K02
4824,4824,CHURCH/ELIZABETH/BAKER,INT,Melway,2H-B02
4825,4825,HIGHETT/LENNOX,INT,Melway,2G-J04
4826,4826,CHURCH/HIGHETT,INT,Melway,2H-A04
4827,4827,HIGHETT NR GRIFFITHS,POS,Melway,2H-C05
4828,4828,CHURCH NR CAMERON,POS,Melway,2H-A06
4829,4829,CHURCH NR BROUGHAM,POS,Melway,2H-A08
4830,4830,CANTERBURY NR MARY,POS,Melway,058A08
4831,4831,CANTERBURY/FITZROY/GREY,INT,Melway,058A08
4832,4832,FITZROY/PRINCES/LAKESIDE,INT,Melway,058B08
4833,4833,FITZROY NR PARK,POS,Melway,057K09
4834,4834,ST KILDA NR RALEIGH,POS,Melway,2L-C12
4835,4835,WITHERS/DICKSON,INT,Melway,040H01
4836,4836,BEACONSFIELD/ACLAND/JACKA,INT,,
4837,4837,CARLISLE/WESTBURY,INT,Melway,058E11
4838,4838,MARINE/DICKENS/MARINA ENT,INT,Melway,067A01
4839,4839,GLENHUNTLY NR BROADWAY,FLASH PX,Melway,067B03
4840,4840,GREY NR ROBE,POS,Melway,058B09
4841,4841,CANTERBURY NR FRASER,POS,Melway,057J07
4842,4842,ORMOND RD NR GLEN HUNTLY,FLASH PX,Melway,067B03
4843,4843,ORMOND RD NR BEACH,FLASH PX,Melway,067C03
4844,4844,ST KILDA ST/G'HUNTLY/TENNYSON,INT,Melway,067D03
4845,4845,CHAPEL/ALMA,INT,Melway,058D09
4846,4846,ALMA/WESTBURY,INT,Melway,058E09
4847,4847,HOTHAM/ALMA,INT,Melway,058F09
4848,4848,CHAPEL/INKERMAN,INT,Melway,058D10
4849,4849,INKERMAN/WESTBURY,INT,Melway,058E10
4850,4850,HOTHAM/INKERMAN,INT,Melway,058F10
4851,4851,CHAPEL/CARLISLE,INT,Melway,058D11
4852,4852,CARLISLE NR WOODSTOCK,POS,Melway,058D11
4853,4853,HOTHAM/CARLISLE/BALACLAVA,INT,Melway,058F11
4854,4854,HOTHAM NR GROSVENOR,POS,Melway,058F12
4855,4855,HOTHAM/GLEN EIRA,INT,Melway,067F01
4856,4856,WATTLETREE/DUNCRAIG/MALVERN CENTRAL,INT,Melway,059B09
4857,4857,ST KILDA NR OCTAVIA,POS,Melway,058B08
4858,4858,CARLISLE NR ACLAND,POS,Melway,058A10
4859,4859,NEPEAN NR BURNS,POS,Melway,067E02
4860,4860,HAMPTON NR HOLYROOD,POS,Melway,076G05
4861,4861,HAMPTON/WILLIS,INT,Melway,076G05
4862,4862,BAY NR STATION,POS,Melway,076G10
4863,4863,BAY NR LANSELL,POS,Melway,077A10
4864,4864,BAY/RESERVE,INT,Melway,077E11
4865,4865,BALCOMBE NR HAYDENS,POS,Melway,086C05
4866,4866,BALCOMBE/RESERVE,INT,Melway,086D05
4867,4867,HAMPTON NR THOMAS,POS,Melway,076F06
4868,4868,BEACH NR BALCOMBE,POS,Melway,085K04
4869,4869,BEACH NR MASEFIELD,POS,Melway,076H11
4870,4870,BALCOMBE NR MICHAEL,POS,Melway,086F05
4871,4871,HIGHETT NR SPRING,FLASH PX,Melway,077C08
4872,4872,INKERMAN/ALEXANDER,INT,Melway,058G10
4873,4873,BALCOMBE NR COMO PDE WEST,POS,Melway,086K06
4875,4875,BRIDPORT/LIGHT RAIL XING,INT,Melway,2K-C06
4876,4876,INGLES/LIGHT RAIL XING,INT,Melway,2J-G01
4877,4877,BRIDGE/LIGHT RAIL XING,INT,Melway,2J-E03
4878,4878,CLARENDON/WHITEMAN/NORMANBY,INT,Melway,2F-B10
4879,4879,QUEENSBRIDGE/WHITEMAN/POWER,INT,Melway,2F-D08
4880,4880,CITY/SOUTHBANK BLVD,INT,Melway,2F-E08
4881,4881,CITY/POWER,INT,Melway,2F-E09
4882,4882,CITY/MORAY/QUEENSBRIDGE,INT,Melway,2F-D10
4883,4883,CITY/CLARENDON,INT,Melway,2F-C11
4884,4884,CITY/CECIL/BALLANTINE,INT,Melway,2F-B12
4885,4885,CITY/FERRARS/MARKET,INT,Melway,2K-A01
4886,4886,CITY/MONTAGUE/YORK,INT,Melway,2J-K02
4887,4887,POWER/STURT,INT,Melway,2F-F10
4888,4888,STURT/SOUTHBANK BLVD,INT,Melway,2F-G09
4889,4889,STURT/KAVANAGH,INT,Melway,2F-G08
4890,4890,POWER/KAVANAGH,INT,Melway,2F-E09
4891,4891,CLARENDON/BALLANTYNE,INT,Melway,2F-C11
4892,4892,CLARENDON/YORK,INT,Melway,2K-C01
4893,4893,MORAY/YORK,INT,Melway,2K-C01
4894,4894,MARKET/MORAY,INT,Melway,2F-D12
4895,4895,QUEENSBRIDGE/SOUTHBANK BLVD,INT,Melway,2F-D07
4896,4896,PLENTY/INDUSTRIAL,INT,Melway,10B9
4897,4897,YORK/FERRARS,INT,Melway,2K-A01
4898,4898,DORCAS/MONTAGUE,INT,Melway,2J-K03
4899,4899,DORCAS/FERRARS,INT,Melway,2K-A03
4900,4900,MONTAGUE NR GLADSTONE,POS,Melway,2E-J12
4901,4901,WESTGATE FWY WB/MONTAGUE,INT,Melway,2E-H10
4902,4902,MONTAGUE/LORIMER,INT,Melway,2E-H10
4903,4903,PARK/FERRARS,INT,Melway,2K-B04
4904,4904,CECIL/PARK,INT,Melway,2K-C03
4905,4905,CLARENDON/PARK,INT,Melway,2K-D03
4906,4906,PARK/MORAY,INT,Melway,2K-E03
4907,4907,FERRARS NR BRIDPORT,POS,Melway,2K-C06
4908,4908,VICTORIA NR DANKS,POS,Melway,2J-J09
4909,4909,CANTERBURY/KERFERD/ALBERT/FERRARS,INT,Melway,2K-C07
4910,4910,CANTERBURY NR ARMSTRONG,POS,Melway,2K-F11
4911,4911,ALBERT/CECIL/OLD AUGHTIE,INT,Melway,2K-D06
4912,4912,ALBERT/CLARENDON,INT,Melway,2K-E05
4913,4913,ALBERT/MORAY,INT,Melway,2K-F05
4914,4914,MORAY NR COBDEN,POS,Melway,2K-F04
4915,4915,DORCAS/PICKLES/INGLES,INT,Melway,2J-H03
4916,4916,CLARENDON/DORCAS,INT,Melway,2K-D02
4917,4917,VICTORIA NR BRIDPORT,POS,Melway,2J-K07
4918,4918,CANTERBURY/MILLS,INT,Melway,2K-D08
4919,4919,PLENTY/THE LAKES,INT,Melway,183H06
4920,4920,CITY/SOUTH GATE AVE,INT,Melway,2F-F08
4921,4921,QUEENSBRIDGE/QUEENSWHARF/BANANA ALLEY,INT,Melway,2F-D07
4922,4922,SOUTHBANK BLVD/RIVERSIDE QUAY,INT,Melway,2F-E08
4923,4923,SOUTH BANK BLVD/KAVANAGH,INT,Melway,2F-F08
4924,4924,CANTERBURY NR WRIGHT,POS,Melway,057H06
4925,4925,WHITEMAN/CASINO/KINGSWAY RAMPS,INT,Melway,2F-C09
4926,4926,DICKSON NR CLARKE (HAMPSHIRE RD),POS,Melway,026H12
4927,4927,KINGS NR MCLEOD (STEVENSVILLE PRI SCH),POS,Melway,013F11
4928,4928,MAIN RD EAST/COLLINS,INT,Melway,026A01
4929,4929,MCINTYRE NR SUNSHINE (FIRE STN),FIRE W/W,Melway,026H09
4930,4930,MAIN/KINGS/STATION,INT,Melway,013F12
4931,4931,MAIN RD WEST/MCKECHNIE,INT,Melway,026A01
4932,4932,MAIN/ST ALBANS/ESPLANADE,INT,Melway,026A01
4933,4933,STATION NR TRINACRIA,POS,Melway,025E07
4934,4934,MCINTYRE/FURLONG,INT,Melway,026H06
4935,4935,FURLONG/ST ALBANS,INT,Melway,026D05
4936,4936,HAMPSTEAD/WESTS/WILLIAMSON,INT,Melway,027J09
4937,4937,HAMPSTEAD/MITCHELL/OMAR,INT,Melway,027G11
4938,4938,WESTS RD/WATERFORD GREEN,INT,Melway,027J09
4939,4939,MCINTYRE/BERKSHIRE,INT,Melway,026H06
4940,4940,MITCHELL/ROSAMOND,INT,Melway,027K11
4941,4941,ROSAMOND NR FISHER,POS,Melway,027K10
4942,4942,RALEIGH/ROSAMOND,INT,Melway,027K08
4943,4943,RALEIGH NR WARRS,POS,Melway,028B08
4944,4944,RALEIGH/VAN NESS,INT,Melway,028B08
4945,4945,ANDERSON NR RIDLEY,POS,Melway,026G12
4946,4946,DEVONSHIRE/HAMPSHIRE,INT,Melway,026H12
4947,4947,DEVONSHIRE/DUKE,INT,Melway,027A12
4948,4948,ASHLEY/CHURCHILL,INT,Melway,027E12
4949,4949,ASHLEY/SOUTH,INT,Melway,041E02
4950,4950,ASHLEY/BARKLY,INT,Melway,041E03
4951,4951,ASHLEY/SUNSHINE/DEMPSTER,INT,Melway,041E04
4952,4952,GRAHAM ST STH/WRIGHT/ANDERSON RD,INT,Melway,040G03
4953,4953,HAMPSHIRE/WRIGHT,INT,Melway,040H03
4954,4954,WRIGHT NR STANFORD,POS,Melway,040H03
4955,4955,SUNSHINE/MARKET/WRIGHT,INT,Melway,040K03
4956,4956,ANDERSON/DURHAM/GLENGALA,INT,Melway,040G01
4957,4957,HAMPSHIRE/DERBY,INT,Melway,040H02
4958,4958,SOUTH NR MELON,POS,Melway,041D02
4959,4959,ANDERSON/FORREST/SUN/FRASER,INT,Melway,026G12
4960,4960,HAMPSHIRE/HERTFORD,INT,Melway,026H11
4961,4961,ROSAMOND/WILLIAMSON,INT,Melway,027K09
4962,4962,STATION/NEALE,INT,Melway,025F03
4963,4963,MCINTYRE NR BARWON,POS,Melway,026H08
4964,4964,MAIN/ALFREIDA,INT,Melway,026A01
4965,4965,MELBOURNE RD/HUDSONS,INT,Melway,041J12
4966,4966,MELBOURNE RD NR REED,POS,Melway,041J12
4967,4967,MELBOURNE/MASON,INT,Melway,055K04
4968,4968,DOUGLAS NR STEVEDORE,FLASH PX,Melway,056C08
4969,4969,FERGUSON NR CECIL,FLASH PX,Melway,056C08
4970,4970,HUDSONS NR FORREST,FLASH PX,Melway,041K12
4971,4971,WESTERN RING ROAD(WRR)/FURLONG,INT,Melway,026F06
4972,4972,MICKLEHAM NR SOMERTON,POS,Melway,178J08
4973,4973,EVANS NR STATION,FLASH PX,Melway,382D04
4974,4974,OPERATIONS NR GATE 23,POS,Melway,005B10
4975,4975,AIRPORT DR/CENTRE RD,INT,Melway,005C05
4976,4976,MELBOURNE/CENTRE,INT,Melway,005C05
4977,4977,MELBOURNE AIRPORT NR INTERNATIONAL TERM.,FLASH PX,Melway,005B05
4979,4979,EXFORD NR STAUGHTON,INT,Melway,342K02
4980,4980,EXFORD RD NR MORSHEAD,POS,Melway,342K03
4981,4981,MELBOURNE NR BUNBURY   (FIRE STATION),FIRE W/W,Melway,056A06
4982,4982,COBURNS/WESTERN FWY (NTH),INT,Melway,114J11
4983,4983,COBURNS/WESTERN FWY (STH),INT,Melway,114J11
4986,4986,PLENTY/CLEMENTS,INT,Melway,010B08
4987,4987,PLENTY/BETULA,INT,Melway,010B08
4988,4988,MAHONEYS NR THOMASTOWN FIRE,FIRE W/W,Melway,008F11
4989,4989,FITZGERALD/FEDERATION TRAIL,POS,Melway,53G02
4990,4990,EDGARS/MAIN,INT,Melway,008F07
4991,4991,MAHONEYS/HUGHES,INT,Melway,008D11
4992,4992,MAHONEYS/EDGARS,INT,Melway,008F11
4993,4993,McKIMMIES NR DAREBIN,POS,,009D06
4994,4994,DALTON/THE BOULEVARD,INT,Melway,009C06
4995,4995,PLENTY/MCKIMMIES,INT,Melway,010B07
4996,4996,SETTLEMENT NR COOK,POS,Melway,009J12
4998,4998,SETTLEMENT NR NORRIS,POS,Melway,009E11
4999,4999,HIGH/HEYINGTON/SPRING,INT,Melway,008J08
5000,5000,DERRIMUT/BAGGOTT,INT,Melway,206E01
5001,5001,DUNCANS/WATTON,INT,Melway,205K08
5002,5002,FITZGERALDS/LEAKES/KOROROIT CREEK,INT,Melway,053G04
5003,5003,WERRIBEE MAIN RD(PHW)/OLD GEELONG RD,INT,Melway,206H03
5004,5004,PHW/BRODERICK,INT,Melway,432G05
5005,5005,PHW/PLANTATION/SCHOOL,INT,Melway,432F06
5006,5006,PHW/PURNELL/STATION,INT,Melway,432D08
5007,5007,PHW/BACCHUS MARSH/COX,INT,Melway,432B10
5008,5008,PHW NR BELLBIRD,POS,Melway,432A11
5009,5009,PHW/SPARKS,INT,Melway,432A12
5011,5011,PHW/NORTH SHORE/THE BOULEVARD,INT,Melway,442A02
5012,5012,STATION LAKE NR WAVERLEY,POS,Melway,423C06
5013,5013,PHW/MACKEY,INT,Melway,442A07
5014,5014,PHW/VICTORIA,INT,Melway,441K09
5015,5015,PHW/BELL,INT,Melway,441K10
5016,5016,PHW/GLENLEITH,INT,Melway,441K12
5017,5017,LATROBE/GORDON,INT,Melway,452A03
5018,5018,LATROBE/RYRIE/ABERDEEN,INT,Melway,451K03
5019,5019,LATROBE/MYERS/ROEBUCK,INT,Melway,451K04
5020,5020,LATROBE/MCKILLOP,INT,Melway,451K05
5021,5021,LATROBE/KILGOUR/NOBLE,INT,Melway,451K05
5022,5022,SETTLEMENT NR MERNDA,POS,Melway,465H01
5023,5023,LATROBE/FYANS/WEST FYANS,INT,Melway,541K07
5024,5024,COX NR NEVADA,POS,Melway,431K10
5025,5025,THOMPSON/BOULEVARD,INT,Melway,441J01
5026,5026,PRINCES HWY/PIGDONS,INT,Melway,464K06
5027,5027,MYERS/SWANSTON,INT,Melway,401K07
5028,5028,THOMPSON NR SPARKS,POS,Melway,431J12
5029,5029,PIONEER/WAURNVALE S C EAST ENT,INT,Melway,465C05
5030,5030,PHW (MURRAY) NR WOOD,POS,VicRoads,263R04
5031,5031,PIONEER/WAURNVALE S C WEST ENT,INT,Melway,465C05
5032,5032,PHW (MURRAY)/GELLIBRAND,INT,VicRoads,263P04
5033,5033,PHW (MURRAY)/CORANGAMITE,INT,VicRoads,263P04
5034,5034,PHW (MURRAY) NR MCLENNAN,POS,VicRoads,263M03
5035,5035,PHW(MURRAY)/QUEEN,INT,VicRoads,263Q04
5036,5036,MERCER / RAILWAY TCE,INT,Melway,452B03
5039,5039,GHERINGHAP/MALOP/MERCER,INT,Melway,401G03
5040,5040,MYERS/GHERINGHAP,INT,Melway,452A04
5041,5041,LT MALOP/GHERINGHAP,INT,Melway,452B04
5042,5042,EASTERN BEACH/BELLARINE/BROUGHAM,INT,Melway,452D03
5043,5043,WESTERN BEACH/ EASTERN BEACH/ MOORABOOL,INT,Melway,452C03
5044,5044,MYERS/FENWICK,INT,Melway,452A04
5045,5045,ANAKIE (BELL POST SC),INT,Melway,431G12
5046,5046,Bromfield St Nr Gelibrand Street,FLASH PX,VicRoads,263P04
5047,5047,WESTERN BEACH RD NR GINN STREET,FLASH PX,Melway,452A01
5048,5048,YARRA/EASTERN BEACH,INT,Melway,401J03
5049,5049,BROUGHAM/YARRA,INT,Melway,452C03
5050,5050,MERCER/BROUGHAM,INT,Melway,452A02
5051,5051,GEELONG-PT'TON/RYIE/BOUNDARY,INT,Melway,452H06
5052,5052,MOORABOOL/MALOP,INT,Melway,452B03
5053,5053,MOORABOOL NR MALL - [LT MALOP],INT,Melway,452B04
5054,5054,MOORABOOL/MYERS,INT,Melway,452B05
5055,5055,MOORABOOL/MCKILLOP,INT,Melway,452B05
5056,5056,MOORABOOL/KILGOUR,INT,Melway,452A06
5057,5057,MOORABOOL/FYANS,INT,Melway,452A07
5058,5058,HIGH ST/BARWON HEADS/BARRABOOL,INT,Melway,451K09
5059,5059,HIGH/MT PLEASANT,INT,Melway,451J10
5060,5060,HIGH/REGENT,INT,Melway,451J11
5061,5061,HIGH NR ROSLYN,POS,Melway,451H11
5062,5062,HIGH/ROSLYN/CORIO,INT,Melway,451H11
5063,5063,HIGH NR DOROTHY,POS,Melway,451H12
5064,5064,LATROBE nr LITTLE MALOP,POS,Melway,401D03
5065,5065,PHW/PIONEER/SOUTH VALLEY,INT,Melway,465C05
5066,5066,PHW/REYNOLDS,INT,Melway,465E03
5067,5067,BACCHUS MARSH/CORIO VILL. SH.,INT,Melway,432B08
5068,5068,SETTLEMENT/TORQUAY/CORIO,INT,Melway,465J01
5069,5069,SETTLEMENT/BREAKWATER,INT,Melway,451K11
5070,5070,BROUGHAM/MOORABOOL,INT,Melway,452C03
5071,5071,GARDEN/MCKILLOP,INT,Melway,452D06
5072,5072,THOMPSON/COX,INT,Melway,431J10
5073,5073,BACCHUS MARSH/PURNELL,INT,Melway,432B07
5074,5074,GHERINGHAP/MCKILLOP,INT,Melway,452A05
5075,5075,MALOP/BELLERINE ST,INT,Melway,452C04
5076,5076,PHW (LATROBE TCE) BTW BOND & CLARENDON,POS,Melway,401C09
5077,5077,PHW/SETTLEMENT/HIGH,INT,Melway,465G01
5078,5078,MALOP/YARRA,INT,Melway,452C04
5079,5079,SETTLEMENT/BARWON HEADS,INT,Melway,451K11
5080,5080,CHURCH/MINERVA,INT,Melway,441F11
5081,5081,YARRA/LT MALOP,INT,Melway,452C04
5082,5082,MALOP NR YARRA,POS,Melway,452C04
5083,5083,SURFCOAST/HEYERS,INT,Melway,465H08
5084,5084,THOMPSON NR VISTULA,POS,Melway,441H06
5085,5085,THOMPSON/VICTORIA,INT,Melway,441H09
5086,5086,TORQUAY NR CHERYL,POS,Melway,465J03
5087,5087,SURFCOAST HWY/ MARSHALLTOWN,INT,Melway,465H05
5088,5088,SURFCOAST HWY / PIONEER,INT,Melway,465H07
5089,5089,RYRIE/GARDEN,INT,Melway,452E05
5090,5090,ROSLYN/ROBERTS,INT,Melway,451E11
5092,5092,PHW (WERRIBEE ST)/ WATTON ST,INT,Melway,205H09
5093,5093,WERRIBEE MAIN RD(PHW)/CHERRY/SYNNOT,INT,Melway,206A08
5094,5094,PAKINGTON NR RETREAT,POS,Melway,451J04
5096,5096,AUTUMN/PAKINGTON/GORDON,INT,Melway,451J02
5097,5097,PAKINGTON/ALBERT,INT,Melway,451J02
5098,5098,SEPARATION/THOMPSON,INT,Melway,441H06
5099,5099,ANAKIE/SEPARATION,INT,Melway,441F05
5100,5100,MIDLAND HWY/PAKINGTON/STUBBS,INT,Melway,441K11
5101,5101,SEPARATION/DOURO,INT,Melway,441K06
5102,5102,MIDLAND HWY/CHURCH,INT,Melway,441H11
5103,5103,MIDLAND HWY/SHANNON/THOMPSON,INT,Melway,441G10
5104,5104,MIDLAND HWY NR STODDART,POS,Melway,441G09
5105,5105,PRINCES HW/GRANT/HART,INT,VicRoads,520D04
5106,5106,MIDLAND HWY/ANAKIE,INT,Melway,441E07
5108,5108,THOMPSON/MORGAN,INT,Melway,441J03
5109,5109,VINES NR MARLO,POS,Melway,441E08
5110,5110,ANAKIE NR BARTON,POS,Melway,441F04
5111,5111,PHW/YOORINGA/FORSTER,INT,Melway,442A01
5112,5112,BROUGHAM / GHERINGHAP,INT,Melway,452B03
5113,5113,WESTERN BEACH / GHERINGHAP STREET,INT,Melway,452B02
5114,5114,BARRABOOL RD / BELLEVUE AVE,INT,Melway,451D10
5115,5115,THOMPSON/DONNYBROOK,INT,Melway,431J11
5116,5116,GEELONG-PORTARLINGTON/CHRISTIES,INT,Melway,454H11
5117,5117,RYRIE NR JAMES,POS,Melway,401G05
5118,5118,RYRIE NR UNION,POS,Melway,401H05
5119,5119,MERCER NR GINN,POS,Melway,452A01
5120,5120,"Bellarine Hwy nr Murray Rd, Pt. Lonsdale",POS,Melway,500D01
5121,5121,GEELONG-PORTARLINGTON NR EVERSLEY,POS,Melway,456J10
5122,5122,GREAT OCEAN ROAD nr HARDY,FLASH PX,VicRoads,264D09
5123,5123,CLIFTON SPRINGS/HANCOCK,INT,Melway,456K10
5124,5124,Great Ocean Rd Nr Mc Laren Pde,FLASH PX,VicRoads,264D10
5125,5125,MALOP NR CLARE,POS,Melway,401G04
5127,5127,ANAKIE NR KINLOCK,INT,Melway,441F2
5128,5128,MARYBOROUGH-DUNOLLY,FLASH PX,VicRoads,222H09
5130,5130,WARBURTON HWY NR WATER WHEEL,POS,Melway,290B04
5131,5131,PIONEER/CHURCH,INT,Melway,4.65E+08
5132,5132,GEELONG BYPASS/ANAKIE INTERCHANGE,INT,Melway,431F09
5133,5133,MIDLAND HWY/GRR SB RAMPS/ROLLINS,INT,Melway,441C04
5134,5134,GEELONG BYPASS/BACCHUS MARSH,INT,Melway,432B04
5135,5135,MIDLAND HWY/KARDINIA COLLEGE ENTRANCE,INT,Melway,441D05
5136,5136,MYERS/YARRA,INT,Melway,401H06
5137,5137,SEPARATION NR TALLINN,POS,Melway,441H05
5138,5138,GRR/HAMILTON HWY,INT,Melway,450G02
5139,5139,PAKINGTON / WARATAH/WELLINGTON,INT,Melway,451K01
5140,5140,BELLARINE HWY NR PT LONSDALE,POS,Melway,
5141,5141,PHW NR KIDMAN,POS,Melway,
5142,5142,GEELONG RING RD/BARRABOOL RD,INT,,
5143,5143,GRR/PRINCES/ROSSACK,INT,Melway,
5150,5150,VINES/CAREY,INT,Melway,4.41E+12
5151,5151,MIDLAND HWY/GRR NB RAMPS,INT,Melway,441C04
5152,5152,CHURCH/VINES,INT,Melway,4.41E+13
5153,5153,GEELONG/PORTARLINGTON ROAD NEAR HERMSLEY,POS,Melway,455G12
5154,5154,PHW/SWINBURNE,INT,Melway,
5155,5155,WARBURTON HWY NR SCHOOL LANE,POS,Melway,288C07
5156,5156,PATULLOS/KEES,INT,,
5157,5157,BACCHUS MARSH-GEELONG NR STATION,POS,Melway,333H09
5158,5158,PRINCES WAY/COLEMAN,INT,VicRoads,704D06
5160,5160,BACCHUS MARSH/GISBORNE(ROBERTSON),FLASH PX,VicRoads,636D07
5163,5163,STURT/ARMSTRONG,INT,VicRoads,566D08
5165,5165,DRYSDALE-ST LEONARDS RD NTH OF BLANCHE,FLASH PX,,
5166,5166,DROUIN-WARRAGUL/DROUIN-KORUMBURRA,FLASH PX,VicRoads,706 F7
5167,5167,BELLARINE HWY/RAIL TRAIL NR EARLS RD,POS,Melway,453 C11
5174,5174,CARTWRIGHT NR KELLIHER,FLASH PX,,
5181,5181,THOMPSON NR HOLLYDENE,POS,,
5187,5187,BARWON/SWANSTON,INT,Melway,452B09
5189,5189,FYANS/YARRA,INT,Melway,401F12
5190,5190,BELLARINE HWY/WALLINGTON-OCEAN GROVE RD,INT,Melway,469F08
5191,5191,BELLARINE HWY/MELALUKA,INT,Melway,468D02
5192,5192,BELLARINE HWY(Ormond Rd)/HUMBLE ST,INT,Melway,402R12
5193,5193,BELLARINE HWY/KENSINGTON,INT,Melway,468F03
5194,5194,BELLARINE HWY/CHRISTIES RD/CLAREMONT DR,INT,Melway,468H03
5195,5195,FENWICK/GORDON/RAILWAY,INT,Melway,452A03
5196,5196,MCKILLOP/YARRA,INT,Melway,452B05
5197,5197,RYRIE(BELLARINE)/FENWICK,INT,Melway,452A04
5198,5198,MCKILLOP/SWANSTON,INT,Melway,452C06
5199,5199,GREAT OCEAN/HOYLAKE,INT,Melway,505H08
5200,5200,FYANS/SWANSTON,INT,Melway,452B08
5201,5201,RYRIE/GHERINGHAP,INT,Melway,452B04
5202,5202,RYRIE/MOORABOOL,INT,Melway,452B04
5203,5203,RYRIE/YARRA,INT,Melway,452C04
5204,5204,RYRIE/BELLERINE ST,INT,Melway,452C04
5205,5205,SYDNEY/SWANSTON/RYRIE,INT,Melway,452D05
5206,5206,ORMOND/GARDEN/MYERS,INT,Melway,452E05
5207,5207,ORMOND/McKILLOP,INT,Melway,452E06
5208,5208,BELLARINE HWY/COPPARDS,INT,Melway,453B11
5209,5209,BELLARINE HWY/BOUNDARY/ORMOND,INT,Melway,452H09
5210,5210,BELLARINE HWY/WILSONS,INT,Melway,452J10
5212,5212,BELLARINE HWY/ASH/SIMONS,INT,Melway,468G03
5213,5213,GEELONG-PORTARLINGTON/POINT HENRY,INT,Melway,453F09
5214,5214,BOARDWALK/TOM ROBERTS,INT,Melway,
5215,5215,BELLARINE/MOOLAP STATION,INT,Melway,453F12
5216,5216,HODGSON/ THE TERRACE,INT,Melway,483H12
5217,5217,TOWNSEND/WILSON,INT,Melway,466J01
5218,5218,BELLARINE NR NELSON,POS,Melway,452K10
5219,5219,SETTLEMENT NR FRANCIS,POS,Melway,465J01
5220,5220,CHURCH NR BAYVIEW,POS,Melway,441E11
5221,5221,SHANNON/CHURCH,INT,Melway,441G11
5222,5222,SHANNON/AUTUMN,INT,Melway,451G02
5223,5223,SHANNON NR CATHERINE,POS,Melway,451G01
5225,5225,FELLMONGERS NR HITCHCOCK,POS,Melway,452F12
5226,5226,CHURCH/WEDDELL,INT,Melway,441J11
5227,5227,BARWON HEADS/BREAKWATER,INT,Melway,466A01
5228,5228,SHANNON/ALBERT,INT,Melway,451G01
5229,5229,BREAKWATER/TUCKER/CURRIER,INT,Melway,466D01
5230,5230,SURF COAST HWY/GROSSMANS/DARIAN,INT,Melway,237G03
5231,5231,SURF COAST HWY NR BEACH,POS,Melway,505K04
5232,5232,GREAT OCEAN RD/DUFFIELDS RD,INT,Melway,237D07
5233,5233,PRINCES HWY NR FARM,POS,Melway,205F10
5234,5234,DUNNINGS/BOARDWALK,INT,Melway,207F03
5235,5235,DERRIMUT/LEAKES,INT,Melway,202F02
5236,5236,POINT COOK/DUNNINGS,INT,Melway,
5237,5237,HEATHS/WERRIBEE PLAZA REGIONAL S.C. ENT.,INT,Melway,206C01
5238,5238,OLD GEELONG/BUNNINGS WAREHOUSE ENT,INT,Melway,207A01
5239,5239,HEATHS/WERRIBEE PLAZA,INT,Melway,206C01
5240,5240,OLD GEELONG/DUNLOP,INT,Melway,203D12
5241,5241,MAIN/MURNONG,INT,Melway,
5242,5242,DUNCANS/COLLEGE,INT,Melway,206A09
5243,5243,LITTLE BOUNDARY/PIPE,INT,Melway,040E09
5244,5244,HEATHS/MOSSFIEL,INT,Melway,206G02
5246,5246,DERRIMUT/WARRINGA,INT,Melway,206D02
5247,5247,AVIATION NR RAILWAY (TRIHOLM),FLASH PX,Melway,053B10
5248,5248,SURFCOAST/BEACON,INT,Melway,493C11
5249,5249,WERRIBEE MAIN RD(PHW)/SYNNOT/BRIDGE,INT,Melway,205K09
5250,5250,PHW(SYNNOT)/WEDGE,INT,Melway,205J09
5251,5251,COTTRELL ST (EAST)/MARKET,INT,Melway,205J07
5252,5252,MORRIS/HEATHS,INT,Melway,206J02
5253,5253,DUNCANS/SYNNOT,INT,Melway,205K08
5254,5254,DERRIMUT/HEATHS,INT,Melway,206D02
5255,5255,BALLAN/CAMBRIDGE,INT,Melway,205D07
5257,5257,WERRIBEE MAIN RD(PHW)/DERRIMUT,INT,Melway,206D06
5258,5258,FITZGERALD/GILBERTSON,INT,Melway,39H10
5259,5259,WERRIBEE/COTTRELL/PHW,INT,Melway,205H08
5260,5260,CHERRY/RAILWAY,INT,Melway,205K07
5261,5261,AVIATION ROAD/MAHER ROAD,INT,Melway,053B10
5262,5262,DERRIMUT/RAILWAY AVE,INT,Melway,206D05
5263,5263,BOUNDARY/WILLIAM ANGLISS DR/MARWEN DR,INT,Melway,039F08
5265,5265,DERRIMUT/WILLMOTT,INT,Melway,206D04
5266,5266,DOHERTYS/HUME,INT,,
5268,5268,SAYERS/MORRIS,INT,Melway,202K06
5269,5269,HEATHS/ROSELLA,INT,Melway,206B01
5270,5270,RAILWAY NR AVIATION,POS,Melway,053B10
5271,5271,SAYERS/MARQUANDS,INT,Melway,203D07
5272,5272,SYNNOT BTN WEDGE & BRIDGE,POS,Melway,205J09
5273,5273,PRINCES FWY WB/FORSYTH,INT,Melway,207G01
5274,5274,MORRIS/BELLBRIDGE,INT,Melway,206J01
5275,5275,MORRIS/HOGANS,INT,Melway,202J10
5276,5276,TARNEIT/PARRAMATTA,INT,Melway,205K04
5277,5277,SAYERS Rd/DOUBELL Boulevard,INT,Melway,203C06
5279,5279,PALMERS/LEAKES,INT,Melway,203J03
5280,5280,BOUNDARY/HUME,INT,Melway,
5281,5281,DERRIMUT/VIRGILIA/SYCAMORE,INT,Melway,
5282,5282,HOGANS/TARNEIT,INT,Melway,202A09
5283,5283,SAYERS/FORSYTH,INT,Melway,203G07
5284,5284,SAYERS/PALMERS,INT,Melway,203H07
5286,5286,PRINCES FWY/EASTBOUND RAMP/FORSYTH,INT,Melway,203G12
5287,5287,SHAWS/MARKET,INT,Melway,
5289,5289,CHERRY NR WATTON,POS,Melway,
5290,5290,BOUNDARY/LOT E ACCESS,INT,Melway,039B07
5291,5291,DUNCANS/FEDERATION TRAIL,POS,Melway,206D10
5292,5292,SAYERS/FEDERATION TRAIL,INT,Melway,203J07
5293,5293,LEAKES/FEDERATION TRAIL,POS,Melway,053C03
5294,5294,DOHERTYS/FEDERATION TRAIL,POS,Melway,40A12
5295,5295,LITTLE BOUNDARY/FEDERATION TRAIL,POS,Melway,40F10
5296,5296,PHW/FEDERATION TRAIL,POS,Melway,40K09
5297,5297,POINT COOK NR CATHERINE (NORTH),POS,Melway,208A01
5298,5298,POINT COOK NR CATHERINE (SOUTH),POS,Melway,
5299,5299,PALMERS/THE STRAND,INT,Melway,
5300,5300,ABERDEEN/PAKINGTON,INT,Melway,451J03
5301,5301,PAKINGTON/NICHOLAS,INT,Melway,451J06
5302,5302,ABERDEEN/SHANNON,INT,Melway,451G03
5303,5303,PAKINGTON/NOBLE,INT,Melway,451J05
5304,5304,PAKINGTON/WEST FYANS,INT,Melway,451J07
5305,5305,SHANNON/WEST FYANS,INT,Melway,451F07
5306,5306,SHANNON/NOBLE,INT,Melway,451F05
5307,5307,SHANNON/APHRASIA,INT,Melway,452F04
5308,5308,HAMILTON(ABERDEEN)/MINERVA,INT,Melway,451E03
5310,5310,MIDLAND HWY/GLENLEITH,INT,Melway,441K11
5311,5311,NOBLE NR CLAREMONT,POS,Melway,451G05
5312,5312,MIDLAND HWY/JASMINE/WAIORA,INT,Melway,441F08
5313,5313,DERRIMUT/HOGANS,POS,Melway,
5314,5314,WEBB NR VALLEY FAIR,FLASH PX,Melway,110D06
5316,5316,SAYERS/TARNEIT,INT,Melway,202A05
5317,5317,TARNEIT/LEAKES,INT,,
5321,5321,MORRIS/THOMAS CARR/SPRING HAVEN,INT,Melway,202K05
5323,5323,OLD GEELONG / COSTA,INT,,
5330,5330,WESTERN HWY/LAWRENCE,INT,VicRoads,556H09
5400,5400,HIGH ST NR HAMILTON ST (BROADFORD),POS,VicRoads,293O03
5401,5401,MAIN BTW ROBERTSON & VICTORIA,POS,Melway,3.80E+12
5603,5603,PHE/RAYMOND,INT,VicRoads,345N07
5604,5604,DESAILLY NR CUNNINGHAME,FLASH PX,VicRoads,345N06
5606,5606,PHE/MACARTHUR,INT,VicRoads,345N06
5607,5607,PHE(YORK)/MACALISTER,INT,VicRoads,345N06
5608,5608,GUTHRIDGE NR STEAD,POS,VicRoads,345Q05
5609,5609,PHE NR PINE,POS,VicRoads,345N03
5610,5610,PHE/SALE-MAFFRA,INT,VicRoads,345N03
5611,5611,PHE NR HOOD,POS,VicRoads,694D10
5654,5654,PHE/SERVICE,INT,VicRoads,348J07
5655,5655,PHE(NTH) NR SERVICE,POS,VicRoads,348J07
5657,5657,PHE/BAILEY,INT,VicRoads,348J07
5658,5658,PHE/MYER,INT,VicRoads,353N06
5659,5659,PHE/MCCULLOCH,INT,VicRoads,348H08
5660,5660,JOHNSON NR PEARSON,FLASH PX,VicRoads,346F05
5670,5670,NICHOLSON BTN RAYMOND & LOCHIEL,FLASH PX,VicRoads,351M10
5799,5799,GISBOURNE NR LERDERDERG,POS,Melway,333J08
5800,5800,BACCHUS-GISBORNE BTW MAIN & BENNETT,POS,Melway,333H06
5801,5801,WESTERN FWY/BACCHUS MARSH-GISBORNE RD,INT,VicRoads,077H04
5802,5802,MIDLAND HWY NR VICKERS,POS,VicRoads,256J19
5803,5803,WESTERN HWY/GRANT/GISBORNE,INT,Melway,333H06
5804,5804,MAIN NR GISBORNE,FLASH PX,Melway,333J07
5805,5805,MAIN NR GRAHAM,FLASH PX,Melway,333J07
5806,5806,VICTORIA/FUSSELL/WATER,INT,VicRoads,076G02
5807,5807,MAIR/HUMFFRAY,INT,VicRoads,255O12
5808,5808,VICTORIA/QUEEN,INT,VicRoads,255Q12
5809,5809,VICTORIA NR KING & OTWAY,POS,VicRoads,255P12
5810,5810,VICTORIA/PRINCES,INT,VicRoads,255P12
5811,5811,WESTERN HWY/LITTLE-BRIDGE/PEEL,INT,VicRoads,255O12
5812,5812,WESTERN HWY/CURTIS/PEEL,INT,VicRoads,255O12
5813,5813,WESTERN HWY NR CURTIS,POS,VicRoads,255N12
5814,5814,WESTERN HWY NR LT BRIDGE,POS,VicRoads,255N12
5815,5815,WESTERN HWY NR GRENVILLE STH,INT,VicRoads,255N12
5816,5816,WESTERN HWY NR GRENVILLE NTH,POS,VicRoads,255N12
5817,5817,WESTERN HWY/LYDIARD,INT,VicRoads,255N12
5818,5818,EASTWOOD NR ANDERSON,FLASH PX,VicRoads,257N13
5819,5819,WESTERN HWY/DOVETON,INT,VicRoads,255M12
5820,5820,STURT/DRUMMOND,INT,VicRoads,255L12
5821,5821,STURT/PLEASANT,INT,VicRoads,254J12
5822,5822,MIDLAND NR WATER,POS,VicRoads,249O09
5823,5823,PLEASANT NR SOUTH,POS,VicRoads,256J13
5824,5824,STURT/GILLIES,INT,VicRoads,254F11
5826,5826,DRUMMOND NR MAIR,POS,VicRoads,255L11
5827,5827,DOVETON BTW NORMAN & LANSBOROUGH,POS,VicRoads,
5828,5828,GILLIES/WINTER,INT,VicRoads,5265Q9
5829,5829,GILLIES ST NR NORMAN ST,POS,VicRoads,254F6
5830,5830,GLENELG HWY NR STURT STREET,POS,VicRoads,255M12
5831,5831,GRANT NR PILMER,POS,Melway,333H07
5832,5832,STURT/RIPON,INT,,
5833,5833,STURT/RING,INT,,
5834,5834,MIDLAND HWY NR HERTFORD,POS,VicRoads,256J17
5835,5835,MIDLAND HWY NR VICTORIA,POS,VicRoads,256J20
5836,5836,LYDIARD/RAIL CROSSING,INT,VicRoads,255N11
5837,5837,GILLIES/ LAKE GARDENS AVE,INT,VicRoads,254F09
5839,5839,DANA/ARMSTRONG,INT,VicRoads,566D09
5840,5840,BARKLY/VINCENT,INT,VicRoads,226E08
5841,5841,BARKLY NR VINCENT,POS,VicRoads,226D08
5842,5842,STURT/DAWSON,INT,VicRoads,255M12
5872,5872,BALLARAT-BUNINYONG RD NR DAMACUS COLLEGE,INT,VicRoads,572F07
5873,5873,BALLARAT-BUNINYONG/HOCKING,INT,VicRoads,
5874,5874,BALLARAT-BUNINYONG/RECREATION,INT,VicRoads,257O21
5875,5875,MIDLAND HWY/MAIR,INT,VicRoads,255M12
5876,5876,BALLARAT-BUNINYONG/BARKLY,INT,VicRoads,257013
5877,5877,MIDLAND HWY/MACARTHUR,INT,VicRoads,255L10
5878,5878,MIDLAND HWY/SUNRAYSIA/HOWITT,INT,VicRoads,255L08
5879,5879,MIDLAND HWY/NORMAN,INT,VicRoads,255L06
5881,5881,SKIPTON/DARLING/DRUMMOND,INT,VicRoads,256K15
5901,5901,HOWITT NR FOREST & SCHOOL LANE,POS,VicRoads,254G07
5902,5902,HOWITT/FOREST,INT,VicRoads,254H07
5903,5903,HOWITT/LEARMONTH/GILLIES,INT,VicRoads,254F07
5904,5904,SUNRAYSIA (HOWITT)/BURNBANK,INT,VicRoads,254K08
5905,5905,SUNRAYSIA (HOWITT)/DOWLING,INT,VicRoads,254J08
5911,5911,MAIR/ARMSTRONG,INT,VicRoads,255M12
5912,5912,MAIR/LYDIARD,INT,VicRoads,255N12
5913,5913,MAIR/PEEL,INT,VicRoads,255O12
5915,5915,PEEL/EASTWOOD,INT,VicRoads,257N13
5935,5935,HIGH ST NR ANSLOW ST,POS,VicRoads,290C03
5936,5936,CALDER/ASHBOURNE/QUARRY,INT,VicRoads,290C04
5937,5937,CALDER HWY(HIGH ST)/MOLLISON,INT,VicRoads,288G09
5939,5939,KYNETON MAIN ROAD JENNINGS AND LAURISTON,POS,VicRoads,632 D5
5940,5940,MT BAINBRIDGE RD NR STEWART (HAMILTON),POS,VicRoads,230E06
5941,5941,GRAY ST NR BROWN ST,FLASH PX,VicRoads,230G08
5942,5942,GLENELG HWY/COX ST/FRENCH ST (HAMILTON),INT,VicRoads,230H08
5950,5950,GLENELG HWY(DOVETON)/DANA,INT,Melway,255M12
5951,5951,GLENELG HWY(DOVETON)/EYRE,INT,Melway,257M13
5952,5952,GLENELG HWY NR BELL,POS,VicRoads,256K15
5958,5958,GLENELG HWY/LEITH,INT,VicRoads,256K16
5959,5959,GLENELG HWY/ALFRED,INT,VicRoads,
5985,5985,PYRENEES HWY(TUAGGRA)/HIGH,INT,VicRoads,247Q06
5986,5986,GLADSTONE/INKERMAN/PEKIN,INT,VicRoads,247O5
5999,5999,WESTERN HWY(HIGH)/PYRENEES(VINCENT),INT,VicRoads,226E08
6016,6016,MIDLAND HWY NR CLARKE            BENALLA,POS,VicRoads,309N08
6017,6017,MIDLAND HWY/ARUNDEL             BENALLA,INT,VicRoads,309O08
6018,6018,MIDLAND HWY/NUNN                BENALLA,INT,VicRoads,309Q08
6021,6021,BRIDGE NR SALISBURY             BENALLA,POS,VicRoads,309R05
6047,6047,CLIFTON/ANDERSON,INT,VicRoads,306D10
6048,6048,GOULBURN VALLEY HWY NR PRENTICE,POS,VicRoads,276J03
6069,6069,ARCHER/WILMOT/POPLAR,INT,VicRoads,273N13
6071,6071,GOULBURN VLY HWY NR MADELINE,POS,VicRoads,292E10
6072,6072,GOULBURN VLY HWY NR GRANT,POS,VicRoads,292F10
6074,6074,GOULBURN VALLEY HWY/KIALLA LAKES,INT,VicRoads,274K16
6075,6075,WYNDHAM ST/VAUGHAN,INT,VicRoads,273L10
6076,6076,GOULBURN VLY NR  NIXON        SHEPPARTON,FIRE W/W,VicRoads,273L08
6077,6077,GOULBURN VALLEY/NIXON         SHEPPARTON,INT,VicRoads,273L08
6078,6078,MIDLAND HWY/FRYERS           SHEPPARTON,INT,VicRoads,272E06
6079,6079,WELSFORD/FRYERS,INT,VicRoads,273L09
6080,6080,MIDLAND HWY/FLORENCE,INT,VicRoads,273Q10
6081,6081,GVH/PINE/BRAUMAN,INT,VicRoads,273M04
6082,6082,GOULBURN VLY/MIDLAND(HIGH),INT,Melway,273L09
6083,6083,GOULBURN VLY/FRYERS           SHEPPARTON,INT,,273L09
6084,6084,ANDREW FAIRLEY/SPC CROSSING,INT,VicRoads,273O08
6085,6085,GOULBURN VLY/KNIGHT           SHEPPARTON,INT,VicRoads,273L08
6086,6086,GOULBURN VLY/BALACLAVA        SHEPPARTON,INT,VicRoads,273M06
6087,6087,WYNDHAM NR FRASER (SHEPPARTON),POS,VicRoads,273L09
6088,6088,GOULBURN VALLEY HWY/SOBRAON,INT,VicRoads,273L10
6089,6089,GOULBURN VLY HWY/WILMOT/LONGSTAFF,INT,VicRoads,273L13
6090,6090,GOULBURN VALLEY HWY NR GUTHRIE,POS,VicRoads,272K13
6091,6091,MIDLAND HWY/MAUDE             SHEPPARTON,INT,VicRoads,273L09
6092,6092,MIDLAND HWY/CORIO             SHEPPARTON,INT,VicRoads,273M09
6093,6093,MIDLAND HWY/ST GEORGES        SHEPPARTON,INT,VicRoads,273N09
6094,6094,MIDLAND HWY/ARCHER            SHEPPARTON,INT,VicRoads,273O10
6095,6095,KNIGHT NR HAROLD              SHEPPARTON,POS,VicRoads,273N08
6096,6096,HAWDON NR REA                 SHEPPARTON,POS,VicRoads,273O07
6097,6097,MIDLAND HWY/WELSFORD          SHEPPARTON,INT,VicRoads,273L10
6098,6098,HIGH(MIDLAND)/NORTH,INT,VicRoads,273M09
6100,6100,BROADWAY NR O'DWYER,POS,VicRoads,304D08
6101,6101,MIDLAND/LOCKWOOD,INT,VicRoads,273O10
6102,6102,BELMORE BTW ORR & PIPER,POS,VicRoads,668D08
6120,6120,HUME HWY/SISELY                  WANG.,INT,VicRoads,312J06
6121,6121,HUME HWY/GRETA,INT,VicRoads,312K06
6122,6122,HUME HWY/WARBY,INT,VicRoads,313L06
6124,6124,WANGARATTA/REID,INT,VicRoads,313M05
6137,6137,OLD DOOKIE/WHEELER,INT,VicRoads,673S08
6138,6138,GVH/RIVERVIEW,INT,VicRoads,675N03
6146,6146,MELROSE/VISY & UNCLE BENS,INT,,
6147,6147,MELBOURNE RD NR CROYLAND      [WODONGA],POS,VicRoads,323N05
6149,6149,HUME HWY/ELGIN/HIGH      [WODONGA],INT,VicRoads,323P05
6150,6150,HUME HWY/SOUTH                 [WODONGA],INT,VicRoads,323P05
6151,6151,HUME HWY/OSBURN                [WODONGA],INT,VicRoads,323Q04
6152,6152,HUME FWY/LINCOLN CAUSEWAY(SIGS)[WODONGA],INT,VicRoads,323Q03
6154,6154,HUME HWY/QUARRY ENTRANCE     [WODONGA],INT,VicRoads,320G21
6155,6155,HUME HWY (HIGH ST) NR STANLEY [WODONGA],POS,VicRoads,323P06
6156,6156,HOVELL NR JACKHORE  [WODONGA],POS,VicRoads,323P05
6157,6157,LAWRENCE/HUME,INT,VicRoads,323P06
6158,6158,BEECHWORTH NR NILMAR,POS,VicRoads,323P06
6196,6196,MCLVOR HWY/ATLAS/LORDS RACEWAY ENTRANCE,INT,,
6198,6198,MCIVOR HWY/MYERS,RBT MTR,VicRoads,607T06
6199,6199,CHAPEL (MCIVOR HWY)/HARGREAVES,INT,VicRoads,607T5
6200,6200,Mc IVOR/VIEW/MITCHELL,INT,VicRoads,283L14
6201,6201,PALL MALL (MC IVOR HWY)/WILLIAMSON,INT,VicRoads,283L14
6202,6202,ARNOLD NR STEWART,POS,VicRoads,281L12
6203,6203,MCCRAE (MIDLAND HWY)/CHAPEL (MCIVOR HWY),INT,VicRoads,281M13
6204,6204,CHARLESTON/NOLAN,INT,VicRoads,281O12
6205,6205,MIDLAND HWY/NOLAN,INT,VicRoads,281N12
6206,6206,STURT(DEAKIN)/SEVENTH,INT,VicRoads,203Q05
6207,6207,HIGH (MCIVOR HWY)/SHORT,INT,VicRoads,282K14
6208,6208,OLINDA/RUSSELL,INT,VicRoads,283L16
6210,6210,ARNOLD NR STEWART,POS,VicRoads,281L12
6211,6211,NORTHERN HWY/RUTLEDGE,INT,VicRoads,293N10
6214,6214,NORTHERN HWY/WILLIAM,INT,Melway,646A08
6222,6222,Mc Ivor Hwy nr  Putnam (Pilcher),POS,VicRoads,283Q14
6223,6223,MCIVOR HWY/STERNBERG,INT,VicRoads,283N14
6230,6230,CALDER/LODDON VLY,INT,VicRoads,280H13
6231,6231,BARNARD NR WATERLOO,POS,VicRoads,607R05
6232,6232,LODDON VALLEY/CREETH,INT,VicRoads,280G11
6233,6233,CALDER HWY/IRONBARK,INT,VicRoads,607Q05
6235,6235,LODDON VALLEY/SANDHURST,INT,VicRoads,280G07
6236,6236,LODDON VALLEY/VICTORIA ST,INT,VicRoads,280F05
6250,6250,HOLDSWORTH/HOLMES/SANDHURST,INT,VicRoads,280J09
6251,6251,NAPIER NR TOMLINS ST BRIDGE,POS,VicRoads,281N12
6252,6252,CALDER/TAYLOR/WESLEY,INT,VicRoads,613L04
6253,6253,CALDER/LOCKWOOD/CAMP,INT,VicRoads,282E22
6254,6254,CALDER/LANSELL PLAZA,INT,VicRoads,282D25
6255,6255,CALDER/OAK,INT,VicRoads,282F18
6256,6256,CALDER HWY/ALDER STREET,INT,VicRoads,282E20
6257,6257,CALDER HWY / THISTLE STREET - BENDIGO,INT,VicRoads,282J16
6258,6258,CALDER HWY NR CAMP,POS,VicRoads,282E22
6259,6259,CALDER HWY[HIGH ST]/LAUREL.,INT,VicRoads,282H17
6260,6260,GOLDEN SQUARE-LONG GULLY/SYMONDS,INT,VicRoads,282F17
6261,6261,HIGH (CALDER HWY)/DON (CALDER)/MYRTLE,INT,VicRoads,282J15
6262,6262,BARNARD/VIEW,INT,VicRoads,280K13
6264,6264,IRONBARK/BARNARD/WATTLE,INT,VicRoads,607Q06
6265,6265,MCIVOR HWY NR VINE,POS,VicRoads,607R07
6270,6270,MITCHELL/HARGREAVES,INT,VicRoads,283L14
6271,6271,WILLS/EDWARDS,INT,VicRoads,283L15
6272,6272,MITCHELL/WILLS/MYERS,INT,VicRoads,283L15
6273,6273,MITCHELL/QUEEN,INT,VicRoads,283L14
6274,6274,MITCHELL/MILLER/PYKE,INT,VicRoads,283M16
6275,6275,SOMERVILLE/ELLIS,INT,VicRoads,283N17
6276,6276,WILLIAMSON/MYERS,INT,VicRoads,283M14
6277,6277,WILLIAMSON NR PALL MALL,FLASH PX,VicRoads,283L14
6278,6278,LYTTLETON NR MITCHELL,FLASH PX,VicRoads,283L14
6279,6279,STRATHFIELDSAYE/EDWARDS/CONDON,INT,VicRoads,283Q17
6280,6280,BARNARD/LUCAN/ARNOLD,INT,VicRoads,281M12
6281,6281,QUEEN NR KILLIANS WALK,POS,VicRoads,283L14
6282,6282,BENDIGO-REDESDALE NR MOLLISON,FLASH PX,VicRoads,607S07
6283,6283,MYERS-WILLS/ARTHUR,INT,VicRoads,607R07
6284,6284,MYRTLE/WILLS-MYERS,INT,VicRoads,228K16
6285,6285,CALDER(DON)/BARNARD,INT,VicRoads,280J14
6286,6286,WILLIAMSON NR LYTTLETON,FLASH PX,VicRoads,283L14
6287,6287,MCIVOR/POWELLS/RESERVOIR,INT,VicRoads,281P10
6288,6288,MIDLAND HWY / NAPIER / LYONS,INT,VicRoads,281Q08
6289,6289,MYRTLE/HARGREAVES,INT,VicRoads,282K15
6290,6290,MIDLAND HWY/HOWARD,INT,VicRoads,281R02
6291,6291,CONDON/RESERVOIR,INT,VicRoads,608D09
6292,6292,MIDLAND HWY/POWELL,INT,VicRoads,608B02
6293,6293,MIDLAND HWY NR PLUMRIDGE,POS,VicRoads,604C11
6301,6301,MIDLAND HWY(BARKER)/PYRENEES HWY(FOREST),INT,VicRoads,286Q06
6302,6302,MIDLAND HWY/LYTTLETON,INT,VicRoads,628G06
6303,6303,NORTHERN HWY / UNION ST,INT,,
6306,6306,GISBORNE-KILMORE NR SUNBURY-RIDDELLS,FLASH PX,VicRoads,635Q11
6310,6310,CAMPBELL ST NR MCCRAE,POS,VicRoads,210F04
6311,6311,MURRAY VALLEY HWY/CAMPBELL ST/BURKE ST,INT,VicRoads,210F05
6315,6315,NORTHERN HWY BTN FRASER/GILLIES,FLASH PX,VicRoads,595O10
6319,6319,HARE NR PAKENHAM,POS,VicRoads,266F04
6320,6320,NORTHERN /  PAKENHAM,INT,VicRoads,266E04
6321,6321,NORTHERN HWY/MURRAY HWY,INT,VicRoads,266F07
6322,6322,ALLAN NR ALBION,FLASH PX,VicRoads,269O09
6323,6323,ALLAN NR LAKE,FLASH PX,VicRoads,269011
6324,6324,NORTHERN (OGILVIE)/HAVERFIELD,INT,VicRoads,569H10
6330,6330,NORTHERN NR MUNIC OFFICE,POS,VicRoads,293N08
6332,6332,NORTHERN/QUEEN,INT,VicRoads,295P10
6333,6333,NORTHERN/WATSON,INT,VicRoads,638D09
6334,6334,ECHUCA-MOOROOPNA NR ANN,FLASH PX,VicRoads,272C12
6335,6335,ECHUCA-MOOROOPNA NR HIGH SCHL,POS,VicRoads,272C09
6336,6336,MIDLAND HWY/YOUNG/MORRELL,INT,VicRoads,272D12
6337,6337,MIDLAND HWY/O'BRIEN,INT,VicRoads,272E12
6338,6338,MIDLAND/ECHUCA/TOOLAMBA,INT,VicRoads,272C12
6341,6341,ECHUCA-MOOROOPNA NR BAKER,POS,VicRoads,672F10
6400,6400,WESTERN HWY/WIMMERA HWY,INT,VicRoads,
6401,6401,ELIZABETH NR AMOS,FLASH PX,VicRoads,
6403,6403,WESTERN HWY/URQUHART (Horsham - Kalkee),INT,VicRoads,219Q05
6404,6404,WESTERN HWY/FIREBRACE,INT,VicRoads,219Q05
6405,6405,WESTERN HWY (McPherson) NR ROBERTS,POS,VicRoads,219R06
6406,6406,SUNRAYSIA NR WALKER (Raglan),POS,VicRoads,220G08
6407,6407,WESTERN/MCPHERSON/HENTY,INT,VicRoads,219R05
6408,6408,WESTERN HWY/WILLIAMS/DUFF,INT,VicRoads,219R08
6409,6409,WESTERN HWY/WAWUNNA,INT,VicRoads,219P05
6410,6410,WOMBELANO/ILUKA MINE HAUL,INT,VicRoads,54F04
6411,6411,MVH/BUTCHER/BRIDLINGTON,INT,VicRoads,596D08
6413,6413,FIREBRACE/ROBERTS,INT,,
6421,6421,WILSON/FIREBRACE,INT,VicRoads,219Q06
6440,6440,STURT HWY (DEAKIN)/TWELTH ST,INT,VicRoads,203O07
6442,6442,STURT(DEAKIN)/EIGHTH,INT,VicRoads,203P06
6443,6443,STURT(DEAKIN)/NINTH,INT,VicRoads,203P06
6444,6444,STURT(DEAKIN)/TENTH,INT,VicRoads,203P06
6445,6445,STURT(DEAKIN)/ELEVENTH,INT,VicRoads,203P07
6446,6446,CALDER HWY NR MILDURA PLAZA,POS,VicRoads,203L10
6447,6447,STURT(DEAKIN)/THIRTEENTH,INT,VicRoads,203O07
6449,6449,STURT(DEAKIN)/FOURTEENTH,INT,VicRoads,203N08
6450,6450,CALDER/SAN MATEO,INT,VicRoads,203M11
6451,6451,CALDER HWY/KARADOC,INT,VicRoads,003D05
6452,6452,CALDER HWY (FIFTEENTH ST) NR ELIZABETH,POS,VicRoads,
6455,6455,RANFURLY NR CALDER HWY,FLASH PX,VicRoads,537N10
6461,6461,CALDER/SANDILONG,INT,VicRoads,203R13
6501,6501,TUAGGRA NR ALMA,FLASH PX,VicRoads,5.58E+09
6614,6614,BURKE/COLEMAN,INT,VicRoads,337 O06
6615,6615,DROUIN-WARRAGUL NR LATROBE,POS,VicRoads,337O08
6616,6616,PHE NR LOCH,POS,VicRoads,
6619,6619,BRANDY CREEK(VICTORIA ST)NR SMITH,POS,VicRoads,337Q09
6620,6620,BRANDY CREEK RD (VICTORIA ST)/ALBERT RD,INT,VicRoads,337Q08
6621,6621,MASON STREET NR. BARKLY STREET,POS,VicRoads,337Q09
6630,6630,PHE NR CONTINGENT,POS,VicRoads,335N03
6631,6631,PHE/SHADY CREEK/RAILWAY/ROLLO (YARRAGON),INT,VicRoads,335T09
6637,6637,WIRRAWAY NR VALE  (Moe and Newborough),FLASH PX,VicRoads,338H09
6638,6638,MOE-GLENGARRY(LLOYD) NR FOWLER,FLASH PX,VicRoads,338J08
6639,6639,GEORGE NR MOORE,FLASH PX,VicRoads,338J07
6641,6641,MOE-GLENGARRY/OLLERTON,INT,VicRoads,339M09
6643,6643,MOE-GLENGARRY/DINWOODIE,INT,,
6645,6645,MOE-GLENGARRY(john field)/Shanahan,INT,VicRoads,339N10
6647,6647,MOE-GLENGARRY(JOHN FIELD)/OLD SALE,INT,VicRoads,339P08
6654,6654,PRINCES/VINCENT,INT,VicRoads,340F07
6655,6655,MORWELL-TRARALGON/JANE  (Rail Opass),INT,VicRoads,340C06
6656,6656,PRINCES HWY/VILLAGE AVE,INT,VicRoads,097J05
6657,6657,MORWELL-THORPDALE/COMMERCIAL,INT,VicRoads,340C06
6658,6658,COMMERCIAL NR TARWIN,POS,VicRoads,340E06
6660,6660,MORWELL-TRARALGON/MCDONALD,INT,VicRoads,340F06
6661,6661,MORWELL-TRARALGON NR BRIDLE,POS,VicRoads,
6662,6662,MONASH WAY NR SWITCHBACK  (Churchill),POS,VicRoads,341R04
6663,6663,COMMERCIAL/HAZELWOOD,INT,VicRoads,340D06
6664,6664,MONASH WAY/GEORGINA PLACE,INT,VicRoads,341R05
6665,6665,MORWELL-TRARALGON/CHURCH ST,INT,VicRoads,340E06
6670,6670,MORWELL-TRARALGON/MONASH WAY,INT,VicRoads,340H06
6671,6671,PHE EXIT RAMP (EAST BOUND)/MONASH WAY,INT,VicRoads,340J07
6672,6672,PHE ON RAMP (WEST BOUND)/MONASH WAY,INT,VicRoads,340J08
6673,6673,MOREWELL-TRARALGON/BRIDLE/CENTRE VALLEY,INT,VicRoads,340K06
6675,6675,MORWELL-TRARALGON/ALEXANDER TRAMWAY,INT,VicRoads,340M05
6676,6676,PHE NR HOBSON,POS,VicRoads,346B09
6677,6677,BASS HWY/STANLEY,INT,VicRoads,096A08
6679,6679,SOUTH GIPPSLAND HWY NR RADOVICK,POS,VicRoads,356H08
6680,6680,STH GIPPSLAND HWY (BLAIR) NR CHURCH,POS,VicRoads,357O04
6681,6681,BASS HWY/GRANTVILLE-GLEN ALVIE/PIER,INT,Melway,512R09
6682,6682,GREY BTN FRANKLIN & WRIGHT,FLASH PX,VicRoads,342J07
6683,6683,FRANKLIN NR POST OFFICE PLACE,FLASH PX,VicRoads,342H08
6684,6684,SEYMOUR BTN FRANKLIN & CHURCH,FLASH PX,VicRoads,342H08
6685,6685,PHE/BREED,INT,VicRoads,342G09
6686,6686,PHE/FRANKLIN,INT,VicRoads,342H08
6688,6688,PHE/GREY,INT,VicRoads,342J08
6689,6689,PHE/TRARALGON-MAFFRA/EASTERN RD,INT,VicRoads,697M05
6690,6690,SEYMOUR/FRANKLIN,INT,VicRoads,342H08
6691,6691,PHE NR LAFAYETTE,POS,VicRoads,342F09
6692,6692,PHE/SEYMOUR,INT,VicRoads,342J08
6693,6693,TRARALGON CREEK/BARTONS LANE,INT,VicRoads,098A06
6695,6695,PHE/LIDDIARD,INT,VicRoads,342K11
6696,6696,HYLAND NR DUNBAR,POS,VicRoads,342H09
6697,6697,PRINCES HWY/ASHBY,INT,VicRoads,335M03
6701,6701,STH GIPPS'D HWY NR YARRAM,POS,VicRoads,692B03
6724,6724,PHW NR HUNTER,POS,,
6809,6809,COMMERCIAL NR HIGH,FLASH PX,VicRoads,510D08
6810,6810,PRINCES HWY WEST NR REGENT,POS,VicRoads,243N04
6811,6811,LIEBIG NR LAVA,POS,VicRoads,241L09
6812,6812,PHW/BANYAN,INT,VicRoads,241M08
6813,6813,PHW/KING/HENNA,INT,VicRoads,241L07
6814,6814,HOPKINS HWY NR HAYLEY,INT,VicRoads,241N05
6815,6815,PHW/FAIRY/JAMIESON,INT,VicRoads,241L08
6816,6816,PERTOBE NR PARK ENTRANCE,POS,VicRoads,241L11
6817,6817,PHW(RAGLAN)/KEPLER,INT,VicRoads,241L08
6818,6818,PHW(RAGLAN)/LIEBIG,INT,VicRoads,241M08
6819,6819,PHW/CARAMUT/WALSH,INT,VicRoads,240G05
6820,6820,PHW/K-MART ENTRANCE,INT,VicRoads,241R09
6821,6821,PHW/SIMPSON/GLENROWE,INT,VicRoads,241Q09
6822,6822,PHW/MAHONEYS/HORNE,INT,VicRoads,515T08
6823,6823,KOROIT ST NR LIEBIG & KEPLER,POS,VicRoads,241L09
6824,6824,PERCY ST / HENTY ST,INT,VicRoads,237N07
6825,6825,CAPE NELSON/MUST,INT,VicRoads,237N10
6826,6826,HENTY HWY NR FAWTHROP,POS,VicRoads,237L09
6827,6827,PHW (RAGLAN PDE)/MORRISS,INT,VicRoads,240H05
6828,6828,PHW (RAGLAN PDE)/LAVEROCK,INT,VicRoads,240J06
6830,6830,MERRI NR KEPLER,POS,VicRoads,514J08
6831,6831,MC MEEKIN/ALBERT/KOROIT,INT,VicRoads,514F06
7000,7000,NORTHERN HWY STH OF HEATHCOTE,INT,VicRoads,044D09
7003,7003,TOORONGA NR MARAQUITA,POS,Melway,059F05
7006,7006,LOUGHNAN/CONSTRUCTION ACCESS,INT,Melway,49E07
7047,7047,SWALLOW/LIGHT RAIL XING,INT,Melway,2J-C04
7081,7081,MONASH/LOYOLA GVE ON RAMP/HAUL RD,INT,Melway,2H-J12
7093,7093,AQUEDUCT/ST HELENA SHOP CENTRE,INT,,
7212,7212,WURUNDJERI/SPENCER STN,INT,Melway,2EK07
7215,7215,HARE NR PAKENHAM,TMP POS,VicRoads,266F04
7538,7538,MILLERS BTW KOROROIT CK & ROSS,POS,Melway,55A6
7539,7539,MCCLELLAND/QUARRY,INT,Melway,100G10
7541,7541,THOMPSON/TRUCK ACCESS,INT,Melway,98G06
